Date,Week,Month,Quarter,Year,Product_ID,SKU,Product_Name,Category_ID,Brand_ID,Region_ID,Warehouse_ID,Channel_ID,Customer_ID,Actual_Demand_Qty,Forecast_Qty,Sales_Qty,Sales_Value,Opening_Inventory,Closing_Inventory,Safety_Stock,Reorder_Point,Lead_Time_Days,Promotion_ID,Holiday_ID,Unit_Price,Discount_%,Stockout_Flag,Lost_Sales_Qty,Returns_Qty
2025-10-13,42,10,4,2025,38,SKU038,Cooking Oil,Home Care,HCR,3,1,2,12,179,174,179,1081.16,266,87,50,120,3,4,0,7.55,20,0,0,4
2025-12-31,1,12,4,2025,10,SKU010,Cheese Crackers,Snacks,SNK,6,4,4,12,94,96,94,911.8,256,162,50,120,6,1,4,9.7,0,0,0,1
2025-04-03,14,4,2,2025,34,SKU034,Floor Cleaner,Home Care,HCR,8,3,1,4,151,152,151,2412.22,246,95,50,120,10,2,0,17.75,10,0,0,3
2025-03-26,13,3,1,2025,38,SKU038,Cooking Oil,Home Care,HCR,6,3,3,20,131,144,131,378.59,291,160,50,120,9,3,0,3.4,15,0,0,4
2025-08-22,34,8,3,2025,18,SKU018,Yogurt Cup,Dairy,DAR,5,5,4,10,102,110,102,323.34,290,188,50,120,13,1,0,3.17,0,0,0,3
2025-12-09,50,12,4,2025,24,SKU024,Soap,Personal Care,PCR,5,2,2,13,205,193,205,627.3,246,41,50,120,8,1,0,3.06,0,0,0,3
2025-02-11,7,2,1,2025,32,SKU032,Toilet Cleaner,Home Care,HCR,5,4,3,13,207,183,207,2018.25,329,122,50,120,5,1,0,9.75,0,0,0,1
2025-02-12,7,2,1,2025,20,SKU020,Cheese Slices,Dairy,DAR,5,3,1,5,114,142,114,1436.4,332,218,50,120,8,1,0,12.6,0,0,0,4
2025-07-09,28,7,3,2025,15,SKU015,Pretzels,Snacks,SNK,1,4,4,13,197,198,197,3386.43,251,54,50,120,8,2,0,19.1,10,0,0,3
2025-02-23,8,2,1,2025,28,SKU028,Hand Wash,Personal Care,PCR,2,3,1,4,153,169,153,1519.29,173,20,50,120,2,1,0,9.93,0,0,0,4
2025-03-19,12,3,1,2025,13,SKU013,Nachos,Snacks,SNK,3,3,3,20,146,176,146,1905.3,173,27,50,120,7,1,0,13.05,0,0,0,3
2025-03-04,10,3,1,2025,27,SKU027,Body Lotion,Personal Care,PCR,3,1,3,9,201,220,201,1529.61,243,42,50,120,9,1,0,7.61,0,0,0,1
2025-09-22,39,9,3,2025,3,SKU003,Mineral Water 1.5L,Beverages,BVG,5,1,3,17,229,210,126,1971.9,126,0,50,120,7,1,0,15.65,0,1,103,1
2025-07-02,27,7,3,2025,2,SKU002,Orange Juice 1L,Beverages,BVG,4,2,4,8,334,336,282,1440.6,282,0,50,120,5,3,0,6.01,15,1,52,4
2025-09-10,37,9,3,2025,28,SKU028,Hand Wash,Personal Care,PCR,6,4,3,12,96,93,96,640.32,240,144,50,120,3,1,0,6.67,0,0,0,1
2025-02-22,8,2,1,2025,30,SKU030,Dishwashing Liquid,Personal Care,PCR,1,4,3,3,129,126,129,1674.42,350,221,50,120,12,1,0,12.98,0,0,0,0
2025-07-18,29,7,3,2025,4,SKU004,Energy Drink 250ml,Beverages,BVG,2,4,4,13,178,201,178,1915.28,322,144,50,120,13,4,0,13.45,20,0,0,0
2025-03-23,12,3,1,2025,35,SKU035,Cereal,Home Care,HCR,3,5,4,12,115,103,115,1899.8,239,124,50,120,4,1,0,16.52,0,0,0,4
2025-10-08,41,10,4,2025,38,SKU038,Cooking Oil,Home Care,HCR,3,4,2,7,89,86,89,1021.72,146,57,50,120,2,1,0,11.48,0,0,0,2
2025-04-19,16,4,2,2025,5,SKU005,Iced Tea 500ml,Beverages,BVG,3,1,3,15,132,146,132,1259.28,259,127,50,120,12,1,0,9.54,0,0,0,4
2025-09-22,39,9,3,2025,27,SKU027,Body Lotion,Personal Care,PCR,8,2,1,5,181,195,181,423.54,250,69,50,120,4,1,0,2.34,0,0,0,1
2025-08-31,35,8,3,2025,12,SKU012,Chocolate Cookies,Snacks,SNK,8,1,1,8,118,127,118,1226.61,252,134,50,120,5,2,0,11.55,10,0,0,2
2025-01-22,4,1,1,2025,1,SKU001,Cola 500ml,Beverages,BVG,8,3,2,9,199,238,199,3115.74,348,149,50,120,9,3,0,18.42,15,0,0,4
2025-10-01,40,10,4,2025,16,SKU016,Corn Chips,Dairy,DAR,5,5,2,15,257,256,257,3653.51,344,87,50,120,4,4,0,17.77,20,0,0,3
2025-03-04,10,3,1,2025,8,SKU008,Sparkling Water 500ml,Snacks,SNK,5,1,2,12,145,149,138,804.54,138,0,50,120,4,1,0,5.83,0,1,7,2
2025-03-12,11,3,1,2025,40,SKU040,Tea Pack,Home Care,HCR,4,2,4,17,133,162,133,1317.82,346,213,50,120,8,6,0,10.77,8,0,0,2
2025-08-04,32,8,3,2025,28,SKU028,Hand Wash,Personal Care,PCR,8,1,4,11,153,150,153,1831.41,206,53,50,120,10,1,0,11.97,0,0,0,4
2025-06-01,22,6,2,2025,29,SKU029,Laundry Detergent,Personal Care,PCR,2,1,3,9,110,90,110,2143.9,178,68,50,120,2,1,0,19.49,0,0,0,1
2025-05-19,21,5,2,2025,33,SKU033,Fabric Softener,Home Care,HCR,8,3,1,9,229,228,186,1471.91,186,0,50,120,2,3,0,9.31,15,1,43,1
2025-08-06,32,8,3,2025,34,SKU034,Floor Cleaner,Home Care,HCR,4,1,3,4,178,181,178,1047.92,325,147,50,120,9,5,0,6.69,12,0,0,0
2025-06-23,26,6,2,2025,34,SKU034,Floor Cleaner,Home Care,HCR,4,1,2,9,195,227,153,391.31,153,0,50,120,2,6,0,2.78,8,1,42,1
2025-04-14,16,4,2,2025,6,SKU006,Lemon Soda 330ml,Beverages,BVG,3,3,3,1,161,181,161,1558.48,234,73,50,120,6,5,0,11,12,0,0,0
2025-01-08,2,1,1,2025,39,SKU039,Rice,Home Care,HCR,8,1,4,16,185,210,185,1187.7,241,56,50,120,10,1,0,6.42,0,0,0,3
2025-09-17,38,9,3,2025,28,SKU028,Hand Wash,Personal Care,PCR,3,4,3,2,127,145,127,2269.49,333,206,50,120,4,1,0,17.87,0,0,0,0
2025-02-06,6,2,1,2025,32,SKU032,Toilet Cleaner,Home Care,HCR,5,5,2,10,139,164,139,2144.21,290,151,50,120,2,2,0,17.14,10,0,0,3
2025-04-05,14,4,2,2025,6,SKU006,Lemon Soda 330ml,Beverages,BVG,6,2,1,10,184,178,184,3589.84,204,20,50,120,5,1,0,19.51,0,0,0,2
2025-04-04,14,4,2,2025,28,SKU028,Hand Wash,Personal Care,PCR,1,1,3,3,162,165,162,910.44,287,125,50,120,4,1,0,5.62,0,0,0,3
2025-10-28,44,10,4,2025,38,SKU038,Cooking Oil,Home Care,HCR,3,5,4,11,88,82,88,1103.52,141,53,50,120,13,1,0,12.54,0,0,0,3
2025-03-18,12,3,1,2025,10,SKU010,Cheese Crackers,Snacks,SNK,7,5,2,17,131,108,131,1471.13,348,217,50,120,14,1,0,11.23,0,0,0,4
2025-10-19,42,10,4,2025,1,SKU001,Cola 500ml,Beverages,BVG,4,1,1,2,98,101,98,1160.32,348,250,50,120,4,4,0,14.8,20,0,0,2
2025-02-23,8,2,1,2025,14,SKU014,Popcorn,Snacks,SNK,4,4,3,1,203,196,203,2348.71,280,77,50,120,9,1,0,11.57,0,0,0,0
2025-09-15,38,9,3,2025,33,SKU033,Fabric Softener,Home Care,HCR,2,3,2,7,99,121,99,917.37,308,209,50,120,5,5,0,10.53,12,0,0,3
2025-09-10,37,9,3,2025,23,SKU023,Shampoo,Dairy,DAR,4,1,2,11,120,112,120,272.64,316,196,50,120,6,4,0,2.84,20,0,0,2
2025-11-15,46,11,4,2025,21,SKU021,Cream 250ml,Dairy,DAR,4,4,3,17,82,82,82,310.78,292,210,50,120,6,1,0,3.79,0,0,0,3
2025-08-27,35,8,3,2025,28,SKU028,Hand Wash,Personal Care,PCR,8,1,3,15,111,118,111,2176.71,199,88,50,120,3,1,0,19.61,0,0,0,4
2025-08-19,34,8,3,2025,31,SKU031,Surface Cleaner,Personal Care,PCR,2,2,3,12,237,195,173,531.59,173,0,50,120,4,6,0,3.34,8,1,64,4
2025-11-20,47,11,4,2025,40,SKU040,Tea Pack,Home Care,HCR,7,1,2,1,97,111,97,1723.69,349,252,50,120,9,1,0,17.77,0,0,0,3
2025-07-27,30,7,3,2025,18,SKU018,Yogurt Cup,Dairy,DAR,1,3,3,13,110,114,110,1883.2,150,40,50,120,3,1,0,17.12,0,0,0,1
2025-01-07,2,1,1,2025,15,SKU015,Pretzels,Snacks,SNK,2,3,4,9,149,170,149,2619.78,219,70,50,120,2,5,0,19.98,12,0,0,2
2025-02-22,8,2,1,2025,29,SKU029,Laundry Detergent,Personal Care,PCR,6,2,3,14,133,156,133,1310.05,188,55,50,120,2,1,0,9.85,0,0,0,3
2025-10-11,41,10,4,2025,24,SKU024,Soap,Personal Care,PCR,3,3,4,2,108,92,108,1411.56,235,127,50,120,10,1,0,13.07,0,0,0,1
2025-03-29,13,3,1,2025,24,SKU024,Soap,Personal Care,PCR,5,4,2,10,152,161,152,2974.64,309,157,50,120,9,1,0,19.57,0,0,0,4
2025-12-09,50,12,4,2025,17,SKU017,Milk 1L,Dairy,DAR,8,5,2,15,103,124,103,1885.93,248,145,50,120,7,1,0,18.31,0,0,0,3
2025-08-07,32,8,3,2025,11,SKU011,Salted Peanuts,Snacks,SNK,4,3,3,19,113,123,113,411.32,262,149,50,120,5,1,0,3.64,0,0,0,0
2025-07-31,31,7,3,2025,34,SKU034,Floor Cleaner,Home Care,HCR,5,5,3,5,196,204,196,611.52,312,116,50,120,12,1,0,3.12,0,0,0,4
2025-09-28,39,9,3,2025,25,SKU025,Toothpaste,Personal Care,PCR,8,4,3,1,177,144,177,1465.56,218,41,50,120,4,2,0,9.2,10,0,0,0
2025-08-06,32,8,3,2025,8,SKU008,Sparkling Water 500ml,Snacks,SNK,8,4,2,4,230,248,138,1061.57,138,0,50,120,5,3,0,9.05,15,1,92,1
2025-03-19,12,3,1,2025,32,SKU032,Toilet Cleaner,Home Care,HCR,8,1,1,1,115,114,115,1982.6,285,170,50,120,14,1,0,17.24,0,0,0,1
2025-04-30,18,4,2,2025,29,SKU029,Laundry Detergent,Personal Care,PCR,7,1,1,3,82,91,82,1088.96,152,70,50,120,6,1,0,13.28,0,0,0,4
2025-10-26,43,10,4,2025,8,SKU008,Sparkling Water 500ml,Snacks,SNK,8,3,3,8,151,139,122,1423.74,122,0,50,120,9,1,0,11.67,0,1,29,4
2025-05-01,18,5,2,2025,25,SKU025,Toothpaste,Personal Care,PCR,4,4,4,3,93,93,93,279,198,105,50,120,6,1,0,3,0,0,0,1
2025-12-08,50,12,4,2025,21,SKU021,Cream 250ml,Dairy,DAR,6,4,2,1,144,166,144,2149.92,206,62,50,120,14,1,0,14.93,0,0,0,2
2025-09-16,38,9,3,2025,27,SKU027,Body Lotion,Personal Care,PCR,8,2,3,10,192,221,192,1054.08,329,137,50,120,3,1,0,5.49,0,0,0,4
2025-09-11,37,9,3,2025,10,SKU010,Cheese Crackers,Snacks,SNK,3,4,1,7,180,156,134,2301.05,134,0,50,120,2,2,0,19.08,10,1,46,4
2025-03-14,11,3,1,2025,8,SKU008,Sparkling Water 500ml,Snacks,SNK,2,1,2,11,93,90,93,1664.7,302,209,50,120,5,1,0,17.9,0,0,0,1
2025-12-01,49,12,4,2025,21,SKU021,Cream 250ml,Dairy,DAR,6,4,2,4,241,210,216,3250.37,216,0,50,120,2,5,0,17.1,12,1,25,0
2025-05-24,21,5,2,2025,4,SKU004,Energy Drink 250ml,Beverages,BVG,6,3,4,3,217,270,217,1243.41,314,97,50,120,2,1,0,5.73,0,0,0,3
2025-04-11,15,4,2,2025,29,SKU029,Laundry Detergent,Personal Care,PCR,7,2,4,2,184,184,184,1939.36,349,165,50,120,8,1,0,10.54,0,0,0,0
2025-08-26,35,8,3,2025,40,SKU040,Tea Pack,Home Care,HCR,6,3,3,20,103,91,103,1328.7,350,247,50,120,2,1,0,12.9,0,0,0,2
2025-12-20,51,12,4,2025,17,SKU017,Milk 1L,Dairy,DAR,2,1,2,4,161,145,161,2978.5,272,111,50,120,9,1,0,18.5,0,0,0,3
2025-07-17,29,7,3,2025,36,SKU036,Biscuits,Home Care,HCR,5,2,2,11,189,228,189,799.85,247,58,50,120,7,4,0,5.29,20,0,0,3
2025-07-05,27,7,3,2025,16,SKU016,Corn Chips,Dairy,DAR,2,1,4,18,109,114,109,562.44,160,51,50,120,10,4,0,6.45,20,0,0,2
2025-03-24,13,3,1,2025,1,SKU001,Cola 500ml,Beverages,BVG,7,4,4,6,110,130,110,581.9,141,31,50,120,5,6,0,5.75,8,0,0,1
2025-08-02,31,8,3,2025,35,SKU035,Cereal,Home Care,HCR,5,3,3,19,157,145,157,2460.19,290,133,50,120,6,1,0,15.67,0,0,0,2
2025-05-11,19,5,2,2025,19,SKU019,Butter 200g,Dairy,DAR,4,3,1,13,132,147,132,534.07,180,48,50,120,6,3,0,4.76,15,0,0,1
2025-09-17,38,9,3,2025,19,SKU019,Butter 200g,Dairy,DAR,4,4,3,2,123,107,123,255.84,146,23,50,120,6,1,0,2.08,0,0,0,1
2025-03-03,10,3,1,2025,31,SKU031,Surface Cleaner,Personal Care,PCR,5,1,1,20,123,137,123,639.6,341,218,50,120,13,1,0,5.2,0,0,0,4
2025-06-29,26,6,2,2025,29,SKU029,Laundry Detergent,Personal Care,PCR,4,1,3,14,145,169,145,390.05,185,40,50,120,12,1,0,2.69,0,0,0,2
2025-04-05,14,4,2,2025,38,SKU038,Cooking Oil,Home Care,HCR,7,1,4,18,125,107,125,1203.75,260,135,50,120,4,2,0,10.7,10,0,0,4
2025-02-16,7,2,1,2025,30,SKU030,Dishwashing Liquid,Personal Care,PCR,7,1,3,19,201,214,192,2422.66,192,0,50,120,7,2,0,14.02,10,1,9,3
2025-08-02,31,8,3,2025,36,SKU036,Biscuits,Home Care,HCR,1,4,2,14,166,176,166,941.22,223,57,50,120,3,1,0,5.67,0,0,0,0
2025-07-27,30,7,3,2025,10,SKU010,Cheese Crackers,Snacks,SNK,3,4,1,19,151,171,123,360.39,123,0,50,120,11,1,0,2.93,0,1,28,2
2025-09-16,38,9,3,2025,12,SKU012,Chocolate Cookies,Snacks,SNK,8,2,3,5,170,163,137,542.52,137,0,50,120,2,1,0,3.96,0,1,33,3
2025-06-11,24,6,2,2025,11,SKU011,Salted Peanuts,Snacks,SNK,3,2,4,20,192,167,192,3233.28,296,104,50,120,5,1,0,16.84,0,0,0,3
2025-04-04,14,4,2,2025,2,SKU002,Orange Juice 1L,Beverages,BVG,3,2,2,2,90,88,90,762.3,218,128,50,120,10,1,0,8.47,0,0,0,0
2025-12-08,50,12,4,2025,19,SKU019,Butter 200g,Dairy,DAR,5,4,3,19,123,123,123,1307.74,337,214,50,120,5,4,0,13.29,20,0,0,3
2025-07-19,29,7,3,2025,11,SKU011,Salted Peanuts,Snacks,SNK,8,4,2,15,197,223,120,1419.12,120,0,50,120,14,2,0,13.14,10,1,77,4
2025-08-23,34,8,3,2025,37,SKU037,Fruit Jam,Home Care,HCR,2,4,1,2,195,227,195,1521,211,16,50,120,12,4,0,9.75,20,0,0,1
2025-02-12,7,2,1,2025,11,SKU011,Salted Peanuts,Snacks,SNK,7,2,1,3,184,192,133,1818.8,133,0,50,120,11,5,0,15.54,12,1,51,0
2025-04-10,15,4,2,2025,32,SKU032,Toilet Cleaner,Home Care,HCR,4,1,3,20,227,198,227,1128.19,323,96,50,120,14,1,0,4.97,0,0,0,2
2025-03-23,12,3,1,2025,2,SKU002,Orange Juice 1L,Beverages,BVG,8,2,3,20,147,159,147,1622.88,185,38,50,120,10,1,0,11.04,0,0,0,1
2025-06-13,24,6,2,2025,12,SKU012,Chocolate Cookies,Snacks,SNK,7,2,3,4,114,123,114,1622.22,191,77,50,120,14,1,0,14.23,0,0,0,4
2025-01-25,4,1,1,2025,37,SKU037,Fruit Jam,Home Care,HCR,2,3,4,12,193,211,193,2160.83,253,60,50,120,6,2,0,12.44,10,0,0,3
2025-07-08,28,7,3,2025,9,SKU009,Potato Chips,Snacks,SNK,1,3,3,10,146,167,146,756.28,178,32,50,120,12,1,0,5.18,0,0,0,4
2025-12-06,49,12,4,2025,18,SKU018,Yogurt Cup,Dairy,DAR,7,4,3,2,82,95,82,944.57,194,112,50,120,4,5,0,13.09,12,0,0,3
2025-04-27,17,4,2,2025,34,SKU034,Floor Cleaner,Home Care,HCR,6,5,2,14,85,96,85,571.45,210,125,50,120,11,2,0,7.47,10,0,0,2
2025-10-29,44,10,4,2025,20,SKU020,Cheese Slices,Dairy,DAR,4,2,4,4,171,176,154,346.5,154,0,50,120,3,1,0,2.25,0,1,17,1
2025-12-07,49,12,4,2025,15,SKU015,Pretzels,Snacks,SNK,6,5,4,20,244,219,134,1458.99,134,0,50,120,10,4,0,13.61,20,1,110,3
2025-05-08,19,5,2,2025,16,SKU016,Corn Chips,Dairy,DAR,3,1,1,1,80,74,80,427.2,223,143,50,120,11,1,0,5.34,0,0,0,4
2025-12-03,49,12,4,2025,20,SKU020,Cheese Slices,Dairy,DAR,7,5,2,17,133,131,133,1361.87,284,151,50,120,6,6,0,11.13,8,0,0,0
2025-06-03,23,6,2,2025,9,SKU009,Potato Chips,Snacks,SNK,8,1,4,6,190,239,190,1686.06,336,146,50,120,5,2,0,9.86,10,0,0,0
2025-05-14,20,5,2,2025,37,SKU037,Fruit Jam,Home Care,HCR,5,1,3,18,101,83,101,1915.97,297,196,50,120,12,1,0,18.97,0,0,0,3
2025-12-18,51,12,4,2025,33,SKU033,Fabric Softener,Home Care,HCR,1,2,3,8,226,262,226,1068.53,348,122,50,120,13,4,0,5.91,20,0,0,1
2025-03-23,12,3,1,2025,30,SKU030,Dishwashing Liquid,Personal Care,PCR,8,4,1,1,179,177,179,960.07,273,94,50,120,8,3,0,6.31,15,0,0,1
2025-10-20,43,10,4,2025,27,SKU027,Body Lotion,Personal Care,PCR,3,1,1,4,158,151,158,2556.95,264,106,50,120,3,5,0,18.39,12,0,0,4
2025-03-24,13,3,1,2025,2,SKU002,Orange Juice 1L,Beverages,BVG,1,1,1,3,96,119,96,1389.12,155,59,50,120,11,1,0,14.47,0,0,0,2
2025-04-13,15,4,2,2025,14,SKU014,Popcorn,Snacks,SNK,7,1,2,7,209,263,209,2608.32,342,133,50,120,5,4,0,15.6,20,0,0,0
2025-01-18,3,1,1,2025,8,SKU008,Sparkling Water 500ml,Snacks,SNK,3,1,2,10,106,107,106,1122.54,193,87,50,120,7,1,0,10.59,0,0,0,2
2025-08-05,32,8,3,2025,21,SKU021,Cream 250ml,Dairy,DAR,6,5,4,10,155,162,155,2430.4,303,148,50,120,11,1,0,15.68,0,0,0,0
2025-07-31,31,7,3,2025,18,SKU018,Yogurt Cup,Dairy,DAR,4,1,3,6,200,221,200,574,300,100,50,120,8,1,0,2.87,0,0,0,0
2025-09-26,39,9,3,2025,8,SKU008,Sparkling Water 500ml,Snacks,SNK,3,4,3,17,92,85,92,1334.92,245,153,50,120,6,1,0,14.51,0,0,0,4
2025-03-23,12,3,1,2025,8,SKU008,Sparkling Water 500ml,Snacks,SNK,2,4,1,11,121,143,121,481.58,162,41,50,120,7,1,0,3.98,0,0,0,0
2025-07-25,30,7,3,2025,22,SKU022,Flavored Milk,Dairy,DAR,5,4,2,13,123,115,123,618.05,215,92,50,120,12,5,0,5.71,12,0,0,1
2025-08-24,34,8,3,2025,28,SKU028,Hand Wash,Personal Care,PCR,8,5,3,6,82,85,82,1444.84,159,77,50,120,9,1,0,17.62,0,0,0,3
2025-12-19,51,12,4,2025,3,SKU003,Mineral Water 1.5L,Beverages,BVG,4,3,3,20,156,149,156,1928,346,190,50,120,4,3,0,14.54,15,0,0,1
2025-05-07,19,5,2,2025,3,SKU003,Mineral Water 1.5L,Beverages,BVG,2,2,1,7,298,322,168,951.05,168,0,50,120,8,3,0,6.66,15,1,130,1
2025-03-17,12,3,1,2025,8,SKU008,Sparkling Water 500ml,Snacks,SNK,5,2,4,15,159,177,159,2341.75,283,124,50,120,2,4,0,18.41,20,0,0,0
2025-07-24,30,7,3,2025,35,SKU035,Cereal,Home Care,HCR,1,2,3,20,219,225,219,1284.22,281,62,50,120,13,4,0,7.33,20,0,0,3
2025-01-03,1,1,1,2025,8,SKU008,Sparkling Water 500ml,Snacks,SNK,4,5,2,6,224,225,224,1824.03,285,61,50,120,12,3,1,9.58,15,0,0,0
2025-08-21,34,8,3,2025,14,SKU014,Popcorn,Snacks,SNK,7,2,3,14,124,148,124,788.64,227,103,50,120,9,1,0,6.36,0,0,0,3
2025-01-11,2,1,1,2025,26,SKU026,Face Wash,Personal Care,PCR,6,1,4,16,223,211,223,1063.71,343,120,50,120,3,2,0,5.3,10,0,0,0
2025-05-09,19,5,2,2025,8,SKU008,Sparkling Water 500ml,Snacks,SNK,2,5,4,18,140,125,140,1589,171,31,50,120,5,1,0,11.35,0,0,0,3
2025-09-20,38,9,3,2025,22,SKU022,Flavored Milk,Dairy,DAR,3,4,1,20,168,174,168,971.04,236,68,50,120,7,1,0,5.78,0,0,0,0
2025-05-10,19,5,2,2025,25,SKU025,Toothpaste,Personal Care,PCR,6,5,3,4,154,169,154,2049.74,227,73,50,120,5,1,0,13.31,0,0,0,2
2025-07-25,30,7,3,2025,14,SKU014,Popcorn,Snacks,SNK,3,2,1,7,289,264,220,1997.95,220,0,50,120,9,5,0,10.32,12,1,69,4
2025-04-26,17,4,2,2025,3,SKU003,Mineral Water 1.5L,Beverages,BVG,7,4,3,18,140,130,140,1826.72,329,189,50,120,12,4,0,16.31,20,0,0,1
2025-08-29,35,8,3,2025,15,SKU015,Pretzels,Snacks,SNK,3,4,1,9,131,132,131,2579.39,184,53,50,120,7,1,0,19.69,0,0,0,1
2025-12-02,49,12,4,2025,38,SKU038,Cooking Oil,Home Care,HCR,6,2,3,13,210,201,141,1955.67,141,0,50,120,2,1,0,13.87,0,1,69,0
2025-10-17,42,10,4,2025,13,SKU013,Nachos,Snacks,SNK,1,2,1,10,124,132,124,247.7,269,145,50,120,6,5,0,2.27,12,0,0,4
2025-02-21,8,2,1,2025,40,SKU040,Tea Pack,Home Care,HCR,7,5,2,20,136,132,136,646,320,184,50,120,13,1,0,4.75,0,0,0,4
2025-02-16,7,2,1,2025,25,SKU025,Toothpaste,Personal Care,PCR,4,5,1,15,282,263,170,1667.7,170,0,50,120,12,2,0,10.9,10,1,112,0
2025-10-12,41,10,4,2025,15,SKU015,Pretzels,Snacks,SNK,8,4,2,16,162,179,162,1948.86,246,84,50,120,5,1,0,12.03,0,0,0,3
2025-03-26,13,3,1,2025,1,SKU001,Cola 500ml,Beverages,BVG,5,4,3,14,75,76,75,909.75,298,223,50,120,8,1,0,12.13,0,0,0,0
2025-04-03,14,4,2,2025,27,SKU027,Body Lotion,Personal Care,PCR,6,1,4,16,83,92,83,1402.12,308,225,50,120,14,2,0,18.77,10,0,0,1
2025-01-18,3,1,1,2025,35,SKU035,Cereal,Home Care,HCR,6,4,2,10,175,189,175,2425.5,340,165,50,120,8,1,0,13.86,0,0,0,2
2025-08-05,32,8,3,2025,38,SKU038,Cooking Oil,Home Care,HCR,6,5,3,17,86,97,86,936.54,331,245,50,120,7,1,0,10.89,0,0,0,1
2025-12-02,49,12,4,2025,20,SKU020,Cheese Slices,Dairy,DAR,2,1,4,18,102,107,102,438.6,196,94,50,120,8,1,0,4.3,0,0,0,4
2025-10-21,43,10,4,2025,3,SKU003,Mineral Water 1.5L,Beverages,BVG,1,5,4,20,130,146,130,2416.7,330,200,50,120,4,1,0,18.59,0,0,0,4
2025-12-15,51,12,4,2025,24,SKU024,Soap,Personal Care,PCR,3,1,4,4,88,92,88,451.44,315,227,50,120,12,1,0,5.13,0,0,0,0
2025-07-08,28,7,3,2025,30,SKU030,Dishwashing Liquid,Personal Care,PCR,3,4,1,11,134,138,134,2065.96,186,52,50,120,2,5,0,17.52,12,0,0,3
2025-10-17,42,10,4,2025,7,SKU007,Mango Juice 1L,Beverages,BVG,7,5,4,15,106,105,106,394.96,331,225,50,120,3,2,0,4.14,10,0,0,0
2025-12-15,51,12,4,2025,6,SKU006,Lemon Soda 330ml,Beverages,BVG,8,2,2,1,115,118,115,401.35,146,31,50,120,8,1,0,3.49,0,0,0,0
2025-01-05,1,1,1,2025,1,SKU001,Cola 500ml,Beverages,BVG,3,4,1,9,143,136,143,2271.55,175,32,50,120,13,2,0,17.65,10,0,0,4
2025-05-05,19,5,2,2025,3,SKU003,Mineral Water 1.5L,Beverages,BVG,3,1,3,18,162,182,162,2404.08,311,149,50,120,13,1,0,14.84,0,0,0,3
2025-08-24,34,8,3,2025,24,SKU024,Soap,Personal Care,PCR,1,5,1,13,139,176,128,254.59,128,0,50,120,6,2,0,2.21,10,1,11,2
2025-11-04,45,11,4,2025,30,SKU030,Dishwashing Liquid,Personal Care,PCR,8,2,2,4,190,207,190,2869,267,77,50,120,7,1,0,15.1,0,0,0,1
2025-11-19,47,11,4,2025,21,SKU021,Cream 250ml,Dairy,DAR,6,3,3,2,255,227,189,2437.34,189,0,50,120,11,4,0,16.12,20,1,66,4
2025-06-20,25,6,2,2025,33,SKU033,Fabric Softener,Home Care,HCR,4,4,4,13,98,100,98,1079.72,199,101,50,120,11,5,0,12.52,12,0,0,1
2025-08-20,34,8,3,2025,22,SKU022,Flavored Milk,Dairy,DAR,1,3,2,19,73,77,73,916.88,160,87,50,120,4,1,0,12.56,0,0,0,2
2025-10-08,41,10,4,2025,35,SKU035,Cereal,Home Care,HCR,7,2,2,10,202,232,202,1950.71,261,59,50,120,11,2,0,10.73,10,0,0,0
2025-12-13,50,12,4,2025,4,SKU004,Energy Drink 250ml,Beverages,BVG,8,5,1,18,136,140,122,1982.5,122,0,50,120,14,1,0,16.25,0,1,14,2
2025-02-02,5,2,1,2025,27,SKU027,Body Lotion,Personal Care,PCR,4,2,2,7,242,226,242,1882.76,253,11,50,120,3,1,0,7.78,0,0,0,1
2025-12-25,52,12,4,2025,19,SKU019,Butter 200g,Dairy,DAR,8,3,1,12,172,168,158,1015.94,158,0,50,120,12,1,4,6.43,0,1,14,3
2025-02-11,7,2,1,2025,1,SKU001,Cola 500ml,Beverages,BVG,4,5,4,19,87,84,87,321.03,125,38,50,120,11,1,0,3.69,0,0,0,1
2025-05-14,20,5,2,2025,16,SKU016,Corn Chips,Dairy,DAR,3,3,1,11,200,170,200,2231.68,316,116,50,120,5,5,0,12.68,12,0,0,1
2025-07-13,28,7,3,2025,10,SKU010,Cheese Crackers,Snacks,SNK,2,5,4,4,88,86,88,902,300,212,50,120,13,1,0,10.25,0,0,0,0
2025-05-12,20,5,2,2025,9,SKU009,Potato Chips,Snacks,SNK,3,4,2,12,161,142,161,1790.32,291,130,50,120,5,1,0,11.12,0,0,0,1
2025-03-30,13,3,1,2025,13,SKU013,Nachos,Snacks,SNK,1,3,4,2,121,155,121,2211.88,261,140,50,120,3,1,0,18.28,0,0,0,1
2025-06-12,24,6,2,2025,2,SKU002,Orange Juice 1L,Beverages,BVG,2,4,3,12,186,206,186,1571.51,271,85,50,120,6,3,0,9.94,15,0,0,3
2025-03-05,10,3,1,2025,34,SKU034,Floor Cleaner,Home Care,HCR,1,4,2,2,160,167,156,2879.76,156,0,50,120,4,1,0,18.46,0,1,4,1
2025-02-09,6,2,1,2025,2,SKU002,Orange Juice 1L,Beverages,BVG,7,1,1,15,174,213,174,2946.03,234,60,50,120,7,5,0,19.24,12,0,0,2
2025-04-30,18,4,2,2025,26,SKU026,Face Wash,Personal Care,PCR,8,5,2,15,155,163,134,702.16,134,0,50,120,4,1,0,5.24,0,1,21,2
2025-08-03,31,8,3,2025,1,SKU001,Cola 500ml,Beverages,BVG,3,3,4,4,164,147,164,1315.28,195,31,50,120,7,1,0,8.02,0,0,0,3
2025-09-05,36,9,3,2025,34,SKU034,Floor Cleaner,Home Care,HCR,8,3,1,9,241,196,241,4494.65,291,50,50,120,14,1,0,18.65,0,0,0,1
2025-07-06,27,7,3,2025,21,SKU021,Cream 250ml,Dairy,DAR,7,2,1,10,168,157,144,1298.88,144,0,50,120,4,1,0,9.02,0,1,24,0
2025-08-15,33,8,3,2025,28,SKU028,Hand Wash,Personal Care,PCR,5,2,3,14,188,192,188,2553.79,322,134,50,120,2,4,0,16.98,20,0,0,3
2025-04-22,17,4,2,2025,31,SKU031,Surface Cleaner,Personal Care,PCR,3,2,1,3,111,118,111,682.65,317,206,50,120,11,1,0,6.15,0,0,0,3
2025-05-21,21,5,2,2025,2,SKU002,Orange Juice 1L,Beverages,BVG,5,2,1,3,166,157,166,906.36,327,161,50,120,13,1,0,5.46,0,0,0,4
2025-07-28,31,7,3,2025,24,SKU024,Soap,Personal Care,PCR,8,1,1,14,102,108,102,1399.44,192,90,50,120,14,4,0,17.15,20,0,0,3
2025-03-10,11,3,1,2025,8,SKU008,Sparkling Water 500ml,Snacks,SNK,6,5,1,12,173,163,173,404.96,213,40,50,120,10,5,0,2.66,12,0,0,3
2025-09-22,39,9,3,2025,24,SKU024,Soap,Personal Care,PCR,7,5,1,10,190,176,190,3501.7,341,151,50,120,3,1,0,18.43,0,0,0,3
2025-08-17,33,8,3,2025,5,SKU005,Iced Tea 500ml,Beverages,BVG,4,5,2,6,251,304,182,3532.62,182,0,50,120,3,1,0,19.41,0,1,69,2
2025-05-09,19,5,2,2025,34,SKU034,Floor Cleaner,Home Care,HCR,1,5,4,17,100,80,100,551,309,209,50,120,5,1,0,5.51,0,0,0,3
2025-02-22,8,2,1,2025,35,SKU035,Cereal,Home Care,HCR,5,1,1,4,86,107,86,891.82,151,65,50,120,8,1,0,10.37,0,0,0,1
2025-10-05,40,10,4,2025,38,SKU038,Cooking Oil,Home Care,HCR,1,4,4,20,141,130,141,1288.74,311,170,50,120,11,1,0,9.14,0,0,0,4
2025-01-19,3,1,1,2025,18,SKU018,Yogurt Cup,Dairy,DAR,7,5,3,13,87,97,87,1486.83,181,94,50,120,10,1,0,17.09,0,0,0,0
2025-06-16,25,6,2,2025,33,SKU033,Fabric Softener,Home Care,HCR,2,5,2,3,165,163,165,364.65,281,116,50,120,7,1,0,2.21,0,0,0,3
2025-04-13,15,4,2,2025,35,SKU035,Cereal,Home Care,HCR,8,1,1,2,82,81,82,1310.36,221,139,50,120,12,1,0,15.98,0,0,0,4
2025-05-17,20,5,2,2025,37,SKU037,Fruit Jam,Home Care,HCR,5,1,1,14,189,174,129,1496.19,129,0,50,120,5,5,0,13.18,12,1,60,0
2025-05-28,22,5,2,2025,33,SKU033,Fabric Softener,Home Care,HCR,5,1,4,19,145,171,145,2792.7,272,127,50,120,10,1,0,19.26,0,0,0,1
2025-08-14,33,8,3,2025,37,SKU037,Fruit Jam,Home Care,HCR,4,1,3,15,129,119,129,927.51,267,138,50,120,11,1,0,7.19,0,0,0,4
2025-04-24,17,4,2,2025,16,SKU016,Corn Chips,Dairy,DAR,8,4,3,1,142,151,142,1515.71,348,206,50,120,5,2,0,11.86,10,0,0,2
2025-04-24,17,4,2,2025,1,SKU001,Cola 500ml,Beverages,BVG,3,2,3,18,225,214,123,2292.72,123,0,50,120,7,1,0,18.64,0,1,102,3
2025-05-19,21,5,2,2025,13,SKU013,Nachos,Snacks,SNK,6,4,1,17,148,130,148,1764.16,160,12,50,120,8,1,0,11.92,0,0,0,3
2025-07-01,27,7,3,2025,8,SKU008,Sparkling Water 500ml,Snacks,SNK,3,4,3,12,144,123,144,1872.72,293,149,50,120,4,3,0,15.3,15,0,0,1
2025-11-12,46,11,4,2025,1,SKU001,Cola 500ml,Beverages,BVG,8,3,2,14,173,180,173,2710.74,309,136,50,120,3,2,0,17.41,10,0,0,0
2025-07-30,31,7,3,2025,4,SKU004,Energy Drink 250ml,Beverages,BVG,5,5,1,13,198,169,198,789.33,266,68,50,120,9,3,0,4.69,15,0,0,3
2025-05-28,22,5,2,2025,1,SKU001,Cola 500ml,Beverages,BVG,6,1,4,13,240,232,240,1819.68,272,32,50,120,9,3,0,8.92,15,0,0,2
2025-04-05,14,4,2,2025,11,SKU011,Salted Peanuts,Snacks,SNK,6,3,2,11,111,115,111,397.38,179,68,50,120,5,1,0,3.58,0,0,0,3
2025-01-06,2,1,1,2025,31,SKU031,Surface Cleaner,Personal Care,PCR,7,5,4,13,144,146,144,2292.48,257,113,50,120,9,1,0,15.92,0,0,0,2
2025-01-21,4,1,1,2025,31,SKU031,Surface Cleaner,Personal Care,PCR,2,4,3,17,139,167,137,1568.65,137,0,50,120,8,1,0,11.45,0,1,2,4
2025-10-21,43,10,4,2025,37,SKU037,Fruit Jam,Home Care,HCR,6,5,1,6,127,137,127,2007.87,232,105,50,120,7,1,0,15.81,0,0,0,2
2025-07-07,28,7,3,2025,8,SKU008,Sparkling Water 500ml,Snacks,SNK,6,5,4,6,156,182,156,1049.13,348,192,50,120,10,6,0,7.31,8,0,0,2
2025-09-19,38,9,3,2025,16,SKU016,Corn Chips,Dairy,DAR,6,5,1,14,107,126,107,1376.02,264,157,50,120,2,1,0,12.86,0,0,0,0
2025-06-07,23,6,2,2025,18,SKU018,Yogurt Cup,Dairy,DAR,1,2,2,16,89,99,89,949.41,145,56,50,120,14,3,0,12.55,15,0,0,4
2025-10-18,42,10,4,2025,17,SKU017,Milk 1L,Dairy,DAR,2,2,2,17,188,216,170,1598,170,0,50,120,14,1,0,9.4,0,1,18,4
2025-02-24,9,2,1,2025,36,SKU036,Biscuits,Home Care,HCR,7,1,1,19,99,93,99,1031.58,330,231,50,120,7,1,0,10.42,0,0,0,1
2025-05-02,18,5,2,2025,6,SKU006,Lemon Soda 330ml,Beverages,BVG,2,3,2,15,173,153,173,3160.71,339,166,50,120,11,1,0,18.27,0,0,0,3
2025-01-11,2,1,1,2025,17,SKU017,Milk 1L,Dairy,DAR,4,2,2,2,210,183,210,625.8,232,22,50,120,4,1,0,2.98,0,0,0,4
2025-03-30,13,3,1,2025,39,SKU039,Rice,Home Care,HCR,2,2,4,19,203,189,203,2216.76,347,144,50,120,5,1,0,10.92,0,0,0,3
2025-06-08,23,6,2,2025,27,SKU027,Body Lotion,Personal Care,PCR,6,4,2,1,231,188,142,727.04,142,0,50,120,6,1,0,5.12,0,1,89,3
2025-10-15,42,10,4,2025,27,SKU027,Body Lotion,Personal Care,PCR,2,4,3,18,158,165,158,2167.76,223,65,50,120,5,1,0,13.72,0,0,0,3
2025-04-08,15,4,2,2025,27,SKU027,Body Lotion,Personal Care,PCR,3,2,2,3,139,160,139,341.94,290,151,50,120,5,1,0,2.46,0,0,0,2
2025-10-06,41,10,4,2025,29,SKU029,Laundry Detergent,Personal Care,PCR,3,3,3,7,126,129,126,1662.19,323,197,50,120,13,4,0,16.49,20,0,0,3
2025-07-12,28,7,3,2025,10,SKU010,Cheese Crackers,Snacks,SNK,8,2,3,20,150,147,150,822.15,172,22,50,120,9,2,0,6.09,10,0,0,4
2025-07-08,28,7,3,2025,29,SKU029,Laundry Detergent,Personal Care,PCR,2,5,3,13,164,186,164,2543.64,343,179,50,120,2,1,0,15.51,0,0,0,4
2025-03-16,11,3,1,2025,34,SKU034,Floor Cleaner,Home Care,HCR,6,2,1,3,191,185,191,3308.12,318,127,50,120,10,1,0,17.32,0,0,0,2
2025-09-14,37,9,3,2025,6,SKU006,Lemon Soda 330ml,Beverages,BVG,7,3,3,13,137,137,137,837.28,177,40,50,120,9,3,0,7.19,15,0,0,1
2025-05-22,21,5,2,2025,21,SKU021,Cream 250ml,Dairy,DAR,1,4,2,13,183,177,183,3319.62,209,26,50,120,7,1,0,18.14,0,0,0,0
2025-04-04,14,4,2,2025,24,SKU024,Soap,Personal Care,PCR,7,1,2,14,161,158,161,2284.59,302,141,50,120,5,1,0,14.19,0,0,0,2
2025-03-21,12,3,1,2025,20,SKU020,Cheese Slices,Dairy,DAR,4,5,4,17,94,90,94,1143.04,165,71,50,120,6,1,0,12.16,0,0,0,3
2025-12-10,50,12,4,2025,36,SKU036,Biscuits,Home Care,HCR,5,1,1,8,166,207,166,2387.41,315,149,50,120,12,2,0,15.98,10,0,0,0
2025-01-20,4,1,1,2025,36,SKU036,Biscuits,Home Care,HCR,7,5,2,9,143,158,142,1080.34,142,0,50,120,10,4,0,9.51,20,1,1,0
2025-06-28,26,6,2,2025,27,SKU027,Body Lotion,Personal Care,PCR,8,5,1,7,203,214,203,2855.56,248,45,50,120,8,6,0,15.29,8,0,0,4
2025-03-07,10,3,1,2025,18,SKU018,Yogurt Cup,Dairy,DAR,3,5,2,8,137,118,137,1652.22,326,189,50,120,10,1,0,12.06,0,0,0,2
2025-05-08,19,5,2,2025,10,SKU010,Cheese Crackers,Snacks,SNK,3,2,4,16,136,137,136,1684.12,171,35,50,120,5,6,0,13.46,8,0,0,1
2025-01-04,1,1,1,2025,7,SKU007,Mango Juice 1L,Beverages,BVG,3,5,2,11,202,181,202,1492.78,298,96,50,120,12,1,1,7.39,0,0,0,0
2025-10-08,41,10,4,2025,38,SKU038,Cooking Oil,Home Care,HCR,7,2,1,10,107,126,107,1830.77,238,131,50,120,2,1,0,17.11,0,0,0,2
2025-09-07,36,9,3,2025,16,SKU016,Corn Chips,Dairy,DAR,8,1,2,11,88,101,88,1287.44,148,60,50,120,9,1,0,14.63,0,0,0,3
2025-10-19,42,10,4,2025,2,SKU002,Orange Juice 1L,Beverages,BVG,8,1,3,19,102,124,102,2025.72,239,137,50,120,6,1,0,19.86,0,0,0,0
2025-11-27,48,11,4,2025,19,SKU019,Butter 200g,Dairy,DAR,2,3,3,8,210,190,202,434.3,202,0,50,120,3,1,0,2.15,0,1,8,1
2025-01-15,3,1,1,2025,5,SKU005,Iced Tea 500ml,Beverages,BVG,3,1,3,20,167,190,167,3226.44,167,0,50,120,7,1,0,19.32,0,0,0,3
2025-04-05,14,4,2,2025,12,SKU012,Chocolate Cookies,Snacks,SNK,5,2,1,2,186,190,186,3105.27,261,75,50,120,3,2,0,18.55,10,0,0,4
2025-11-18,47,11,4,2025,3,SKU003,Mineral Water 1.5L,Beverages,BVG,3,3,1,5,243,223,243,2055,246,3,50,120,13,5,0,9.61,12,0,0,1
2025-03-25,13,3,1,2025,38,SKU038,Cooking Oil,Home Care,HCR,4,3,1,2,151,170,151,1605.13,232,81,50,120,11,1,0,10.63,0,0,0,4
2025-08-06,32,8,3,2025,3,SKU003,Mineral Water 1.5L,Beverages,BVG,2,4,1,6,132,135,132,2379.96,227,95,50,120,13,1,0,18.03,0,0,0,1
2025-07-13,28,7,3,2025,18,SKU018,Yogurt Cup,Dairy,DAR,2,5,3,17,205,202,205,1131.6,265,60,50,120,9,1,0,5.52,0,0,0,3
2025-10-01,40,10,4,2025,28,SKU028,Hand Wash,Personal Care,PCR,1,3,3,19,158,146,158,482.47,278,120,50,120,11,5,0,3.47,12,0,0,3
2025-07-08,28,7,3,2025,15,SKU015,Pretzels,Snacks,SNK,4,2,4,3,108,111,108,1448.28,346,238,50,120,4,1,0,13.41,0,0,0,4
2025-07-10,28,7,3,2025,4,SKU004,Energy Drink 250ml,Beverages,BVG,2,2,2,7,227,245,227,2072.51,232,5,50,120,10,1,0,9.13,0,0,0,0
2025-04-24,17,4,2,2025,25,SKU025,Toothpaste,Personal Care,PCR,8,2,4,8,146,168,146,838.97,291,145,50,120,10,5,0,6.53,12,0,0,4
2025-12-23,52,12,4,2025,11,SKU011,Salted Peanuts,Snacks,SNK,2,4,2,17,216,224,216,2017.44,337,121,50,120,10,1,4,9.34,0,0,0,4
2025-02-28,9,2,1,2025,11,SKU011,Salted Peanuts,Snacks,SNK,4,5,4,3,270,226,220,2336.4,220,0,50,120,4,2,0,11.8,10,1,50,2
2025-11-13,46,11,4,2025,24,SKU024,Soap,Personal Care,PCR,4,4,3,4,116,129,116,1473.2,299,183,50,120,13,1,0,12.7,0,0,0,1
2025-08-07,32,8,3,2025,1,SKU001,Cola 500ml,Beverages,BVG,6,2,3,11,178,160,178,635.96,264,86,50,120,14,5,0,4.06,12,0,0,0
2025-05-11,19,5,2,2025,37,SKU037,Fruit Jam,Home Care,HCR,1,5,3,4,176,175,176,2638.24,211,35,50,120,7,1,0,14.99,0,0,0,4
2025-06-17,25,6,2,2025,11,SKU011,Salted Peanuts,Snacks,SNK,4,4,1,19,142,114,142,747.49,182,40,50,120,9,4,0,6.58,20,0,0,0
2025-01-11,2,1,1,2025,37,SKU037,Fruit Jam,Home Care,HCR,7,2,3,18,86,102,86,1613.36,261,175,50,120,13,1,0,18.76,0,0,0,2
2025-08-16,33,8,3,2025,8,SKU008,Sparkling Water 500ml,Snacks,SNK,1,1,2,20,166,180,166,2941.52,243,77,50,120,12,1,0,17.72,0,0,0,4
2025-07-20,29,7,3,2025,5,SKU005,Iced Tea 500ml,Beverages,BVG,2,3,3,17,182,191,178,2521.9,178,0,50,120,5,4,0,17.71,20,1,4,2
2025-03-09,10,3,1,2025,39,SKU039,Rice,Home Care,HCR,8,4,3,11,101,86,101,1052.42,306,205,50,120,2,1,0,10.42,0,0,0,2
2025-10-24,43,10,4,2025,29,SKU029,Laundry Detergent,Personal Care,PCR,3,2,3,13,135,127,135,380.7,275,140,50,120,6,1,0,2.82,0,0,0,0
2025-09-14,37,9,3,2025,39,SKU039,Rice,Home Care,HCR,1,5,1,7,197,198,155,2832.04,155,0,50,120,14,6,0,19.86,8,1,42,3
2025-11-21,47,11,4,2025,2,SKU002,Orange Juice 1L,Beverages,BVG,3,1,3,11,96,102,96,602.88,323,227,50,120,13,1,0,6.28,0,0,0,2
2025-09-18,38,9,3,2025,26,SKU026,Face Wash,Personal Care,PCR,6,3,4,17,165,159,165,1058.64,223,58,50,120,7,4,0,8.02,20,0,0,1
2025-05-01,18,5,2,2025,2,SKU002,Orange Juice 1L,Beverages,BVG,7,4,4,19,149,171,149,1931.46,342,193,50,120,14,6,0,14.09,8,0,0,2
2025-03-28,13,3,1,2025,16,SKU016,Corn Chips,Dairy,DAR,6,1,2,19,108,112,108,1327.32,306,198,50,120,3,1,0,12.29,0,0,0,4
2025-04-02,14,4,2,2025,34,SKU034,Floor Cleaner,Home Care,HCR,2,4,3,6,161,183,161,2323.23,318,157,50,120,6,1,0,14.43,0,0,0,2
2025-10-07,41,10,4,2025,10,SKU010,Cheese Crackers,Snacks,SNK,7,4,2,20,110,124,110,652.3,125,15,50,120,6,1,0,5.93,0,0,0,4
2025-11-28,48,11,4,2025,36,SKU036,Biscuits,Home Care,HCR,2,5,3,5,164,146,164,470.68,273,109,50,120,2,1,0,2.87,0,0,0,1
2025-05-19,21,5,2,2025,8,SKU008,Sparkling Water 500ml,Snacks,SNK,1,4,4,20,95,84,95,740.05,174,79,50,120,12,1,0,7.79,0,0,0,2
2025-03-31,14,3,1,2025,37,SKU037,Fruit Jam,Home Care,HCR,8,5,4,9,158,194,158,1267.16,276,118,50,120,9,1,0,8.02,0,0,0,0
2025-01-14,3,1,1,2025,3,SKU003,Mineral Water 1.5L,Beverages,BVG,3,1,1,5,191,170,191,2862.4,305,114,50,120,5,5,0,17.03,12,0,0,1
2025-09-29,40,9,3,2025,23,SKU023,Shampoo,Dairy,DAR,3,5,3,8,112,115,112,1113.84,208,96,50,120,13,3,0,11.7,15,0,0,4
2025-05-13,20,5,2,2025,17,SKU017,Milk 1L,Dairy,DAR,8,5,3,12,255,241,199,2185.82,199,0,50,120,10,4,0,13.73,20,1,56,4
2025-05-21,21,5,2,2025,39,SKU039,Rice,Home Care,HCR,6,2,2,13,70,82,70,1115.1,327,257,50,120,14,1,0,15.93,0,0,0,0
2025-01-15,3,1,1,2025,29,SKU029,Laundry Detergent,Personal Care,PCR,5,5,3,5,127,118,127,1827.66,262,135,50,120,4,2,0,15.99,10,0,0,1
2025-09-28,39,9,3,2025,37,SKU037,Fruit Jam,Home Care,HCR,6,4,4,7,160,140,160,2152,174,14,50,120,7,1,0,13.45,0,0,0,0
2025-02-25,9,2,1,2025,13,SKU013,Nachos,Snacks,SNK,6,1,2,19,99,88,99,1259.87,222,123,50,120,8,2,0,14.14,10,0,0,3
2025-07-12,28,7,3,2025,7,SKU007,Mango Juice 1L,Beverages,BVG,4,3,2,11,174,195,174,1570.38,301,127,50,120,14,6,0,9.81,8,0,0,3
2025-11-26,48,11,4,2025,15,SKU015,Pretzels,Snacks,SNK,5,2,3,10,212,197,160,1694.4,160,0,50,120,3,1,0,10.59,0,1,52,2
2025-01-03,1,1,1,2025,28,SKU028,Hand Wash,Personal Care,PCR,4,5,1,7,152,135,152,2921.44,272,120,50,120,13,1,1,19.22,0,0,0,2
2025-01-24,4,1,1,2025,39,SKU039,Rice,Home Care,HCR,2,2,1,5,248,208,196,2387.38,196,0,50,120,6,3,0,14.33,15,1,52,1
2025-09-15,38,9,3,2025,30,SKU030,Dishwashing Liquid,Personal Care,PCR,6,4,3,2,117,123,117,360.01,221,104,50,120,11,3,0,3.62,15,0,0,1
2025-04-14,16,4,2,2025,29,SKU029,Laundry Detergent,Personal Care,PCR,2,1,1,11,95,87,95,938.6,179,84,50,120,3,4,0,12.35,20,0,0,0
2025-03-03,10,3,1,2025,18,SKU018,Yogurt Cup,Dairy,DAR,3,5,1,17,107,131,107,1411.63,177,70,50,120,7,6,0,14.34,8,0,0,3
2025-02-09,6,2,1,2025,15,SKU015,Pretzels,Snacks,SNK,5,2,1,9,157,142,157,2381.69,177,20,50,120,6,1,0,15.17,0,0,0,0
2025-01-23,4,1,1,2025,18,SKU018,Yogurt Cup,Dairy,DAR,6,1,4,18,93,90,93,633.33,212,119,50,120,6,1,0,6.81,0,0,0,4
2025-06-19,25,6,2,2025,26,SKU026,Face Wash,Personal Care,PCR,3,4,4,14,158,167,158,1264.16,227,69,50,120,14,2,0,8.89,10,0,0,1
2025-11-22,47,11,4,2025,15,SKU015,Pretzels,Snacks,SNK,4,2,1,3,189,222,189,2861.46,276,87,50,120,11,1,0,15.14,0,0,0,0
2025-01-26,4,1,1,2025,13,SKU013,Nachos,Snacks,SNK,1,4,4,17,159,167,159,1221.12,291,132,50,120,7,1,0,7.68,0,0,0,4
2025-10-07,41,10,4,2025,30,SKU030,Dishwashing Liquid,Personal Care,PCR,2,4,3,20,177,169,177,1436.25,342,165,50,120,12,6,0,8.82,8,0,0,2
2025-02-06,6,2,1,2025,16,SKU016,Corn Chips,Dairy,DAR,8,3,4,19,289,257,289,1760.88,315,26,50,120,5,2,0,6.77,10,0,0,1
2025-02-03,6,2,1,2025,31,SKU031,Surface Cleaner,Personal Care,PCR,4,2,2,15,220,241,163,2386.84,163,0,50,120,4,5,0,16.64,12,1,57,0
2025-06-14,24,6,2,2025,5,SKU005,Iced Tea 500ml,Beverages,BVG,6,3,3,15,223,239,184,1610,184,0,50,120,12,1,0,8.75,0,1,39,0
2025-05-21,21,5,2,2025,24,SKU024,Soap,Personal Care,PCR,3,5,2,1,190,200,190,2878.5,242,52,50,120,12,1,0,15.15,0,0,0,1
2025-07-07,28,7,3,2025,27,SKU027,Body Lotion,Personal Care,PCR,1,5,2,1,141,142,141,1249.26,325,184,50,120,11,1,0,8.86,0,0,0,2
2025-01-30,5,1,1,2025,22,SKU022,Flavored Milk,Dairy,DAR,5,4,1,17,145,163,145,957,202,57,50,120,12,1,0,6.6,0,0,0,3
2025-02-15,7,2,1,2025,33,SKU033,Fabric Softener,Home Care,HCR,1,4,4,12,173,201,173,1503.37,319,146,50,120,2,1,0,8.69,0,0,0,2
2025-07-28,31,7,3,2025,21,SKU021,Cream 250ml,Dairy,DAR,4,5,3,3,139,141,139,601.87,268,129,50,120,12,1,0,4.33,0,0,0,1
2025-06-18,25,6,2,2025,33,SKU033,Fabric Softener,Home Care,HCR,1,1,4,15,109,118,109,907.4,254,145,50,120,13,5,0,9.46,12,0,0,3
2025-08-01,31,8,3,2025,21,SKU021,Cream 250ml,Dairy,DAR,1,2,2,13,139,151,139,567.79,245,106,50,120,10,6,0,4.44,8,0,0,0
2025-12-15,51,12,4,2025,2,SKU002,Orange Juice 1L,Beverages,BVG,2,5,1,4,179,171,150,543,150,0,50,120,9,1,0,3.62,0,1,29,0
2025-04-21,17,4,2,2025,8,SKU008,Sparkling Water 500ml,Snacks,SNK,1,5,4,19,83,98,83,887.27,205,122,50,120,4,1,0,10.69,0,0,0,3
2025-01-26,4,1,1,2025,31,SKU031,Surface Cleaner,Personal Care,PCR,5,5,3,3,119,130,119,560.25,121,2,50,120,7,5,0,5.35,12,0,0,3
2025-05-11,19,5,2,2025,40,SKU040,Tea Pack,Home Care,HCR,5,3,2,13,179,180,179,2297.29,227,48,50,120,14,2,0,14.26,10,0,0,3
2025-10-04,40,10,4,2025,15,SKU015,Pretzels,Snacks,SNK,8,4,2,12,117,123,117,1021.41,286,169,50,120,14,1,0,8.73,0,0,0,2
2025-04-13,15,4,2,2025,21,SKU021,Cream 250ml,Dairy,DAR,6,1,3,8,76,96,76,711.36,137,61,50,120,14,1,0,9.36,0,0,0,3
2025-05-30,22,5,2,2025,26,SKU026,Face Wash,Personal Care,PCR,8,2,2,2,137,139,137,1275.47,236,99,50,120,4,1,0,9.31,0,0,0,3
2025-11-24,48,11,4,2025,26,SKU026,Face Wash,Personal Care,PCR,1,5,2,16,97,121,97,1062.15,272,175,50,120,5,1,0,10.95,0,0,0,2
2025-04-19,16,4,2,2025,25,SKU025,Toothpaste,Personal Care,PCR,8,1,2,3,138,113,138,1558.02,172,34,50,120,2,1,0,11.29,0,0,0,3
2025-04-25,17,4,2,2025,34,SKU034,Floor Cleaner,Home Care,HCR,1,2,1,6,162,171,162,698.38,228,66,50,120,9,2,0,4.79,10,0,0,2
2025-04-30,18,4,2,2025,28,SKU028,Hand Wash,Personal Care,PCR,6,5,2,5,199,191,199,3223.96,199,0,50,120,14,5,0,18.41,12,0,0,1
2025-07-20,29,7,3,2025,37,SKU037,Fruit Jam,Home Care,HCR,2,2,4,5,196,183,177,2245.56,177,0,50,120,13,6,0,13.79,8,1,19,1
2025-08-09,32,8,3,2025,30,SKU030,Dishwashing Liquid,Personal Care,PCR,4,5,1,10,203,170,151,2088.33,151,0,50,120,9,1,0,13.83,0,1,52,2
2025-01-10,2,1,1,2025,13,SKU013,Nachos,Snacks,SNK,5,5,1,7,273,252,171,1559.61,171,0,50,120,4,3,0,10.73,15,1,102,3
2025-05-19,21,5,2,2025,12,SKU012,Chocolate Cookies,Snacks,SNK,1,3,2,5,146,159,146,1586,268,122,50,120,12,3,0,12.78,15,0,0,2
2025-01-26,4,1,1,2025,10,SKU010,Cheese Crackers,Snacks,SNK,2,3,1,18,153,167,153,1308.15,310,157,50,120,9,1,0,8.55,0,0,0,0
2025-10-10,41,10,4,2025,9,SKU009,Potato Chips,Snacks,SNK,2,4,2,14,119,122,119,322.49,128,9,50,120,11,1,0,2.71,0,0,0,2
2025-02-09,6,2,1,2025,20,SKU020,Cheese Slices,Dairy,DAR,8,3,2,9,128,118,128,1020.16,143,15,50,120,3,1,0,7.97,0,0,0,0
2025-05-03,18,5,2,2025,11,SKU011,Salted Peanuts,Snacks,SNK,3,5,1,17,210,199,203,2115.26,203,0,50,120,6,1,0,10.42,0,1,7,2
2025-04-12,15,4,2,2025,17,SKU017,Milk 1L,Dairy,DAR,4,1,1,4,151,142,151,2671.19,306,155,50,120,2,1,0,17.69,0,0,0,3
2025-12-26,52,12,4,2025,37,SKU037,Fruit Jam,Home Care,HCR,1,4,4,20,121,128,121,817.96,335,214,50,120,10,1,4,6.76,0,0,0,0
2025-05-30,22,5,2,2025,15,SKU015,Pretzels,Snacks,SNK,1,2,1,20,113,102,113,720.94,179,66,50,120,7,1,0,6.38,0,0,0,0
2025-01-22,4,1,1,2025,10,SKU010,Cheese Crackers,Snacks,SNK,3,1,3,14,116,130,116,1816.56,327,211,50,120,14,1,0,15.66,0,0,0,3
2025-01-17,3,1,1,2025,11,SKU011,Salted Peanuts,Snacks,SNK,6,2,2,7,142,134,142,670.24,162,20,50,120,5,1,0,4.72,0,0,0,2
2025-12-29,1,12,4,2025,5,SKU005,Iced Tea 500ml,Beverages,BVG,6,1,1,7,91,96,91,959.43,247,156,50,120,12,6,4,11.46,8,0,0,0
2025-07-07,28,7,3,2025,23,SKU023,Shampoo,Dairy,DAR,8,4,2,9,138,120,138,543.17,269,131,50,120,13,4,0,4.92,20,0,0,2
2025-01-28,5,1,1,2025,20,SKU020,Cheese Slices,Dairy,DAR,5,5,1,3,156,138,156,2503.49,320,164,50,120,14,3,0,18.88,15,0,0,2
2025-04-29,18,4,2,2025,5,SKU005,Iced Tea 500ml,Beverages,BVG,1,4,4,11,223,198,223,4092.05,267,44,50,120,8,1,0,18.35,0,0,0,3
2025-02-14,7,2,1,2025,2,SKU002,Orange Juice 1L,Beverages,BVG,1,3,4,20,190,170,190,3091.3,229,39,50,120,2,1,0,16.27,0,0,0,0
2025-09-01,36,9,3,2025,39,SKU039,Rice,Home Care,HCR,7,4,1,10,146,154,146,511,174,28,50,120,7,1,0,3.5,0,0,0,0
2025-05-19,21,5,2,2025,32,SKU032,Toilet Cleaner,Home Care,HCR,1,4,2,13,195,190,181,754.77,181,0,50,120,6,1,0,4.17,0,1,14,2
2025-03-19,12,3,1,2025,13,SKU013,Nachos,Snacks,SNK,7,3,4,11,152,133,152,2749.68,345,193,50,120,10,1,0,18.09,0,0,0,4
2025-04-07,15,4,2,2025,13,SKU013,Nachos,Snacks,SNK,4,4,3,12,114,136,114,470.59,338,224,50,120,12,4,0,5.16,20,0,0,0
2025-10-10,41,10,4,2025,23,SKU023,Shampoo,Dairy,DAR,7,1,3,15,210,248,210,3229.07,312,102,50,120,6,3,0,18.09,15,0,0,2
2025-07-05,27,7,3,2025,16,SKU016,Corn Chips,Dairy,DAR,8,4,3,1,195,188,135,2474.55,135,0,50,120,2,1,0,18.33,0,1,60,0
2025-10-13,42,10,4,2025,21,SKU021,Cream 250ml,Dairy,DAR,8,1,3,16,181,165,181,2340.33,306,125,50,120,4,1,0,12.93,0,0,0,0
2025-05-19,21,5,2,2025,25,SKU025,Toothpaste,Personal Care,PCR,5,2,3,18,201,194,201,2534.61,311,110,50,120,2,1,0,12.61,0,0,0,3
2025-10-08,41,10,4,2025,27,SKU027,Body Lotion,Personal Care,PCR,6,3,3,6,123,121,123,1230.05,217,94,50,120,11,6,0,10.87,8,0,0,3
2025-01-25,4,1,1,2025,37,SKU037,Fruit Jam,Home Care,HCR,3,3,2,10,172,205,172,2447.9,326,154,50,120,2,4,0,17.79,20,0,0,4
2025-06-02,23,6,2,2025,10,SKU010,Cheese Crackers,Snacks,SNK,8,2,3,15,174,211,174,2887.84,199,25,50,120,8,6,0,18.04,8,0,0,0
2025-12-15,51,12,4,2025,10,SKU010,Cheese Crackers,Snacks,SNK,4,5,4,17,199,174,199,1353.2,240,41,50,120,8,1,0,6.8,0,0,0,1
2025-06-11,24,6,2,2025,23,SKU023,Shampoo,Dairy,DAR,7,1,3,13,149,157,149,2573.23,263,114,50,120,7,1,0,17.27,0,0,0,3
2025-09-29,40,9,3,2025,7,SKU007,Mango Juice 1L,Beverages,BVG,5,3,3,9,139,122,130,1204.32,130,0,50,120,5,4,0,11.58,20,1,9,0
2025-10-08,41,10,4,2025,6,SKU006,Lemon Soda 330ml,Beverages,BVG,3,1,4,13,199,194,198,988.02,198,0,50,120,14,1,0,4.99,0,1,1,2
2025-07-24,30,7,3,2025,36,SKU036,Biscuits,Home Care,HCR,7,3,2,7,147,162,147,673.26,343,196,50,120,7,1,0,4.58,0,0,0,0
2025-07-31,31,7,3,2025,38,SKU038,Cooking Oil,Home Care,HCR,4,5,3,5,84,84,84,822.36,267,183,50,120,4,1,0,9.79,0,0,0,1
2025-12-10,50,12,4,2025,40,SKU040,Tea Pack,Home Care,HCR,7,3,2,13,185,162,185,384.8,350,165,50,120,11,4,0,2.6,20,0,0,2
2025-12-31,1,12,4,2025,6,SKU006,Lemon Soda 330ml,Beverages,BVG,6,5,1,12,188,202,177,1339.89,177,0,50,120,2,1,4,7.57,0,1,11,4
2025-02-06,6,2,1,2025,26,SKU026,Face Wash,Personal Care,PCR,5,5,1,15,160,155,160,720,315,155,50,120,11,1,0,4.5,0,0,0,4
2025-11-01,44,11,4,2025,19,SKU019,Butter 200g,Dairy,DAR,6,3,2,7,101,103,101,488.03,243,142,50,120,10,4,0,6.04,20,0,0,1
2025-05-25,21,5,2,2025,11,SKU011,Salted Peanuts,Snacks,SNK,5,4,3,3,224,257,164,329.31,164,0,50,120,12,4,0,2.51,20,1,60,2
2025-02-15,7,2,1,2025,13,SKU013,Nachos,Snacks,SNK,1,3,3,9,211,178,211,1280.77,224,13,50,120,3,1,0,6.07,0,0,0,3
2025-10-22,43,10,4,2025,34,SKU034,Floor Cleaner,Home Care,HCR,6,5,2,4,222,210,222,2259.96,278,56,50,120,8,1,0,10.18,0,0,0,1
2025-05-25,21,5,2,2025,18,SKU018,Yogurt Cup,Dairy,DAR,4,3,2,18,113,117,113,1535.84,232,119,50,120,14,3,0,15.99,15,0,0,2
2025-01-12,2,1,1,2025,34,SKU034,Floor Cleaner,Home Care,HCR,5,5,3,6,85,89,85,1274.59,123,38,50,120,11,5,0,17.04,12,0,0,2
2025-07-01,27,7,3,2025,5,SKU005,Iced Tea 500ml,Beverages,BVG,8,1,3,4,130,126,130,2363.4,227,97,50,120,4,1,0,18.18,0,0,0,2
2025-08-30,35,8,3,2025,14,SKU014,Popcorn,Snacks,SNK,3,1,3,17,111,107,111,2014.65,241,130,50,120,8,1,0,18.15,0,0,0,1
2025-07-01,27,7,3,2025,13,SKU013,Nachos,Snacks,SNK,7,4,2,14,75,90,75,1426.5,191,116,50,120,4,1,0,19.02,0,0,0,1
2025-01-07,2,1,1,2025,5,SKU005,Iced Tea 500ml,Beverages,BVG,2,4,1,7,177,211,177,3455.04,332,155,50,120,11,1,0,19.52,0,0,0,4
2025-02-06,6,2,1,2025,21,SKU021,Cream 250ml,Dairy,DAR,4,1,2,7,216,193,216,2737.15,244,28,50,120,7,4,0,15.84,20,0,0,3
2025-02-23,8,2,1,2025,3,SKU003,Mineral Water 1.5L,Beverages,BVG,8,1,1,16,109,119,109,1366.86,266,157,50,120,4,1,0,12.54,0,0,0,3
2025-11-30,48,11,4,2025,34,SKU034,Floor Cleaner,Home Care,HCR,3,1,4,20,160,167,160,1510.56,345,185,50,120,8,2,0,10.49,10,0,0,0
2025-12-25,52,12,4,2025,34,SKU034,Floor Cleaner,Home Care,HCR,1,2,1,7,141,127,141,2373.03,310,169,50,120,14,1,4,16.83,0,0,0,0
2025-01-20,4,1,1,2025,24,SKU024,Soap,Personal Care,PCR,1,5,4,9,210,174,176,2808.96,176,0,50,120,2,1,0,15.96,0,1,34,1
2025-08-28,35,8,3,2025,27,SKU027,Body Lotion,Personal Care,PCR,3,5,3,4,120,110,120,643.2,144,24,50,120,10,1,0,5.36,0,0,0,3
2025-01-02,1,1,1,2025,8,SKU008,Sparkling Water 500ml,Snacks,SNK,2,1,3,15,97,87,97,1174.67,248,151,50,120,8,1,1,12.11,0,0,0,0
2025-10-14,42,10,4,2025,30,SKU030,Dishwashing Liquid,Personal Care,PCR,2,2,4,4,98,93,98,852.99,334,236,50,120,11,3,0,10.24,15,0,0,0
2025-10-07,41,10,4,2025,12,SKU012,Chocolate Cookies,Snacks,SNK,2,1,3,9,94,97,94,1623.38,345,251,50,120,6,1,0,17.27,0,0,0,2
2025-06-01,22,6,2,2025,34,SKU034,Floor Cleaner,Home Care,HCR,4,5,4,15,135,172,135,375.3,139,4,50,120,8,1,0,2.78,0,0,0,4
2025-10-22,43,10,4,2025,1,SKU001,Cola 500ml,Beverages,BVG,3,4,1,6,127,121,127,1729.36,303,176,50,120,11,2,0,15.13,10,0,0,2
2025-08-15,33,8,3,2025,32,SKU032,Toilet Cleaner,Home Care,HCR,7,1,2,15,105,109,105,263.55,209,104,50,120,4,1,0,2.51,0,0,0,3
2025-11-16,46,11,4,2025,14,SKU014,Popcorn,Snacks,SNK,6,2,3,11,170,180,170,1588.48,225,55,50,120,2,4,0,11.68,20,0,0,1
2025-06-25,26,6,2,2025,10,SKU010,Cheese Crackers,Snacks,SNK,6,3,1,18,206,234,206,1260.72,337,131,50,120,3,4,0,7.65,20,0,0,3
2025-03-24,13,3,1,2025,12,SKU012,Chocolate Cookies,Snacks,SNK,2,2,2,10,94,95,94,1764.38,224,130,50,120,14,1,0,18.77,0,0,0,0
2025-05-14,20,5,2,2025,12,SKU012,Chocolate Cookies,Snacks,SNK,3,3,4,8,97,118,97,1266.82,232,135,50,120,7,1,0,13.06,0,0,0,2
2025-01-15,3,1,1,2025,11,SKU011,Salted Peanuts,Snacks,SNK,3,1,1,13,138,136,138,1874.04,287,149,50,120,6,1,0,13.58,0,0,0,0
2025-02-02,5,2,1,2025,4,SKU004,Energy Drink 250ml,Beverages,BVG,8,5,3,15,236,229,156,1595.18,156,0,50,120,4,3,0,12.03,15,1,80,0
2025-05-11,19,5,2,2025,37,SKU037,Fruit Jam,Home Care,HCR,8,3,3,7,162,189,162,2885.22,306,144,50,120,2,1,0,17.81,0,0,0,3
2025-04-26,17,4,2,2025,5,SKU005,Iced Tea 500ml,Beverages,BVG,4,1,1,6,141,139,141,1868.25,191,50,50,120,14,1,0,13.25,0,0,0,4
2025-06-09,24,6,2,2025,30,SKU030,Dishwashing Liquid,Personal Care,PCR,7,3,1,19,143,133,143,2534.1,334,191,50,120,11,2,0,19.69,10,0,0,1
2025-02-01,5,2,1,2025,15,SKU015,Pretzels,Snacks,SNK,3,2,3,9,95,79,95,812.25,210,115,50,120,7,1,0,8.55,0,0,0,2
2025-03-27,13,3,1,2025,11,SKU011,Salted Peanuts,Snacks,SNK,7,1,2,7,123,114,123,878.22,162,39,50,120,5,1,0,7.14,0,0,0,3
2025-07-07,28,7,3,2025,39,SKU039,Rice,Home Care,HCR,6,2,3,1,164,192,145,2022.75,145,0,50,120,9,1,0,13.95,0,1,19,3
2025-09-07,36,9,3,2025,13,SKU013,Nachos,Snacks,SNK,8,2,2,14,196,198,196,807.52,223,27,50,120,9,1,0,4.12,0,0,0,0
2025-03-02,9,3,1,2025,30,SKU030,Dishwashing Liquid,Personal Care,PCR,2,5,2,16,146,144,146,1750.54,206,60,50,120,13,1,0,11.99,0,0,0,1
2025-10-16,42,10,4,2025,16,SKU016,Corn Chips,Dairy,DAR,3,5,3,7,234,189,234,633.91,254,20,50,120,3,2,0,3.01,10,0,0,0
2025-09-02,36,9,3,2025,8,SKU008,Sparkling Water 500ml,Snacks,SNK,6,1,2,9,170,205,170,1725.5,326,156,50,120,12,1,0,10.15,0,0,0,2
2025-02-04,6,2,1,2025,1,SKU001,Cola 500ml,Beverages,BVG,1,4,1,18,177,200,122,1622.6,122,0,50,120,12,1,0,13.3,0,1,55,1
2025-09-13,37,9,3,2025,22,SKU022,Flavored Milk,Dairy,DAR,6,1,3,6,115,135,115,1859.89,325,210,50,120,13,2,0,17.97,10,0,0,1
2025-01-09,2,1,1,2025,32,SKU032,Toilet Cleaner,Home Care,HCR,3,2,3,11,112,99,112,1108.8,193,81,50,120,11,1,0,9.9,0,0,0,1
2025-02-03,6,2,1,2025,2,SKU002,Orange Juice 1L,Beverages,BVG,6,5,4,7,141,112,141,448.38,179,38,50,120,11,1,0,3.18,0,0,0,1
2025-04-09,15,4,2,2025,5,SKU005,Iced Tea 500ml,Beverages,BVG,6,1,4,6,165,145,165,801.24,189,24,50,120,7,4,0,6.07,20,0,0,3
2025-12-09,50,12,4,2025,5,SKU005,Iced Tea 500ml,Beverages,BVG,5,5,4,16,182,209,182,309.4,334,152,50,120,10,3,0,2,15,0,0,4
2025-12-31,1,12,4,2025,38,SKU038,Cooking Oil,Home Care,HCR,3,5,2,19,126,139,126,589.68,226,100,50,120,7,1,4,4.68,0,0,0,0
2025-03-27,13,3,1,2025,25,SKU025,Toothpaste,Personal Care,PCR,4,2,3,14,136,113,136,1272.96,322,186,50,120,3,1,0,9.36,0,0,0,0
2025-08-12,33,8,3,2025,29,SKU029,Laundry Detergent,Personal Care,PCR,3,2,4,3,138,130,138,874.37,138,0,50,120,10,5,0,7.2,12,0,0,3
2025-06-03,23,6,2,2025,32,SKU032,Toilet Cleaner,Home Care,HCR,6,5,2,14,237,245,237,2625.96,247,10,50,120,3,4,0,13.85,20,0,0,4
2025-05-10,19,5,2,2025,2,SKU002,Orange Juice 1L,Beverages,BVG,6,5,3,3,197,179,197,1233.22,284,87,50,120,13,1,0,6.26,0,0,0,0
2025-11-16,46,11,4,2025,2,SKU002,Orange Juice 1L,Beverages,BVG,6,2,4,11,170,158,122,1099.1,122,0,50,120,14,2,0,10.01,10,1,48,1
2025-08-09,32,8,3,2025,33,SKU033,Fabric Softener,Home Care,HCR,4,3,3,13,128,133,128,2329.6,154,26,50,120,12,1,0,18.2,0,0,0,3
2025-07-06,27,7,3,2025,30,SKU030,Dishwashing Liquid,Personal Care,PCR,3,4,4,3,154,139,148,390.72,148,0,50,120,9,1,0,2.64,0,1,6,4
2025-08-21,34,8,3,2025,26,SKU026,Face Wash,Personal Care,PCR,8,1,2,13,268,244,231,1627.9,231,0,50,120,7,6,0,7.66,8,1,37,0
2025-11-19,47,11,4,2025,30,SKU030,Dishwashing Liquid,Personal Care,PCR,4,3,3,9,264,257,264,2840.9,300,36,50,120,4,3,0,12.66,15,0,0,0
2025-11-04,45,11,4,2025,16,SKU016,Corn Chips,Dairy,DAR,5,1,1,1,75,86,75,706.5,256,181,50,120,4,1,0,9.42,0,0,0,0
2025-12-23,52,12,4,2025,5,SKU005,Iced Tea 500ml,Beverages,BVG,4,1,1,4,113,118,113,1823.82,302,189,50,120,3,1,4,16.14,0,0,0,0
2025-04-12,15,4,2,2025,34,SKU034,Floor Cleaner,Home Care,HCR,8,3,3,2,156,153,156,1483.56,194,38,50,120,3,1,0,9.51,0,0,0,2
2025-03-25,13,3,1,2025,14,SKU014,Popcorn,Snacks,SNK,6,3,4,5,102,97,102,445.74,187,85,50,120,5,1,0,4.37,0,0,0,4
2025-10-14,42,10,4,2025,19,SKU019,Butter 200g,Dairy,DAR,4,3,1,16,132,143,132,1574.5,195,63,50,120,3,4,0,14.91,20,0,0,0
2025-10-28,44,10,4,2025,34,SKU034,Floor Cleaner,Home Care,HCR,8,5,4,5,215,204,179,2362.8,179,0,50,120,2,1,0,13.2,0,1,36,1
2025-10-26,43,10,4,2025,10,SKU010,Cheese Crackers,Snacks,SNK,6,1,1,8,179,188,179,2038.81,228,49,50,120,13,1,0,11.39,0,0,0,0
2025-04-24,17,4,2,2025,14,SKU014,Popcorn,Snacks,SNK,3,2,3,9,143,136,143,780.78,277,134,50,120,4,1,0,5.46,0,0,0,1
2025-02-01,5,2,1,2025,3,SKU003,Mineral Water 1.5L,Beverages,BVG,5,4,3,17,178,174,178,2901.4,299,121,50,120,13,1,0,16.3,0,0,0,2
2025-01-29,5,1,1,2025,22,SKU022,Flavored Milk,Dairy,DAR,3,2,4,1,154,171,154,818.12,251,97,50,120,5,3,0,6.25,15,0,0,2
2025-03-03,10,3,1,2025,19,SKU019,Butter 200g,Dairy,DAR,2,1,1,20,260,258,241,2222.98,241,0,50,120,8,4,0,11.53,20,1,19,3
2025-09-05,36,9,3,2025,10,SKU010,Cheese Crackers,Snacks,SNK,7,3,4,11,197,201,197,3721.33,242,45,50,120,11,1,0,18.89,0,0,0,0
2025-02-23,8,2,1,2025,39,SKU039,Rice,Home Care,HCR,3,1,4,20,107,119,107,1587.08,129,22,50,120,2,3,0,17.45,15,0,0,2
2025-12-03,49,12,4,2025,34,SKU034,Floor Cleaner,Home Care,HCR,1,1,3,5,142,165,142,2066.1,220,78,50,120,10,1,0,14.55,0,0,0,0
2025-12-25,52,12,4,2025,21,SKU021,Cream 250ml,Dairy,DAR,3,4,4,11,125,127,125,630,224,99,50,120,7,1,4,5.04,0,0,0,0
2025-05-05,19,5,2,2025,29,SKU029,Laundry Detergent,Personal Care,PCR,7,4,2,6,126,101,126,1884.96,348,222,50,120,11,1,0,14.96,0,0,0,2
2025-08-27,35,8,3,2025,9,SKU009,Potato Chips,Snacks,SNK,8,1,3,8,113,135,113,2088.24,169,56,50,120,2,1,0,18.48,0,0,0,2
2025-09-20,38,9,3,2025,15,SKU015,Pretzels,Snacks,SNK,6,2,4,2,122,126,122,623.42,200,78,50,120,2,1,0,5.11,0,0,0,1
2025-10-22,43,10,4,2025,25,SKU025,Toothpaste,Personal Care,PCR,6,3,3,10,165,147,165,1006.5,203,38,50,120,7,1,0,6.1,0,0,0,4
2025-06-30,27,6,2,2025,34,SKU034,Floor Cleaner,Home Care,HCR,4,1,2,5,137,142,137,1286.43,293,156,50,120,6,1,0,9.39,0,0,0,2
2025-09-16,38,9,3,2025,29,SKU029,Laundry Detergent,Personal Care,PCR,6,1,3,6,188,200,181,1905.93,181,0,50,120,7,2,0,11.7,10,1,7,1
2025-12-13,50,12,4,2025,5,SKU005,Iced Tea 500ml,Beverages,BVG,8,4,2,11,103,96,103,1960.09,236,133,50,120,7,1,0,19.03,0,0,0,1
2025-02-02,5,2,1,2025,40,SKU040,Tea Pack,Home Care,HCR,2,5,1,16,186,173,126,767.34,126,0,50,120,13,1,0,6.09,0,1,60,0
2025-04-12,15,4,2,2025,16,SKU016,Corn Chips,Dairy,DAR,8,3,3,10,207,202,207,1255.25,216,9,50,120,13,4,0,7.58,20,0,0,2
2025-10-21,43,10,4,2025,24,SKU024,Soap,Personal Care,PCR,4,2,2,12,238,226,123,1932.08,123,0,50,120,10,5,0,17.85,12,1,115,2
2025-12-04,49,12,4,2025,33,SKU033,Fabric Softener,Home Care,HCR,7,1,2,14,130,130,130,1478.88,238,108,50,120,3,2,0,12.64,10,0,0,1
2025-09-26,39,9,3,2025,39,SKU039,Rice,Home Care,HCR,1,2,3,14,200,220,176,2867.04,176,0,50,120,4,1,0,16.29,0,1,24,3
2025-11-23,47,11,4,2025,6,SKU006,Lemon Soda 330ml,Beverages,BVG,3,4,1,5,197,202,197,1888.84,204,7,50,120,11,3,0,11.28,15,0,0,3
2025-10-15,42,10,4,2025,39,SKU039,Rice,Home Care,HCR,2,5,3,2,160,132,160,2509.06,261,101,50,120,2,5,0,17.82,12,0,0,1
2025-09-16,38,9,3,2025,21,SKU021,Cream 250ml,Dairy,DAR,8,2,2,5,224,219,224,4298.56,302,78,50,120,4,1,0,19.19,0,0,0,3
2025-01-16,3,1,1,2025,18,SKU018,Yogurt Cup,Dairy,DAR,8,1,1,1,132,148,132,1483.68,175,43,50,120,14,1,0,11.24,0,0,0,2
2025-03-26,13,3,1,2025,32,SKU032,Toilet Cleaner,Home Care,HCR,3,2,1,15,145,161,145,635.97,330,185,50,120,13,3,0,5.16,15,0,0,4
2025-12-30,1,12,4,2025,4,SKU004,Energy Drink 250ml,Beverages,BVG,2,1,4,5,157,200,120,1196.4,120,0,50,120,7,1,4,9.97,0,1,37,3
2025-03-29,13,3,1,2025,32,SKU032,Toilet Cleaner,Home Care,HCR,4,2,4,12,275,244,182,3266.17,182,0,50,120,11,2,0,19.94,10,1,93,3
2025-06-05,23,6,2,2025,3,SKU003,Mineral Water 1.5L,Beverages,BVG,5,2,4,16,158,180,158,1213.44,270,112,50,120,9,1,0,7.68,0,0,0,4
2025-09-06,36,9,3,2025,39,SKU039,Rice,Home Care,HCR,3,2,1,12,133,149,133,1484.28,271,138,50,120,13,1,0,11.16,0,0,0,3
2025-02-05,6,2,1,2025,30,SKU030,Dishwashing Liquid,Personal Care,PCR,7,2,4,19,159,176,159,2294.37,300,141,50,120,10,1,0,14.43,0,0,0,0
2025-01-22,4,1,1,2025,29,SKU029,Laundry Detergent,Personal Care,PCR,7,5,3,6,242,226,242,1786.93,293,51,50,120,10,4,0,9.23,20,0,0,0
2025-12-18,51,12,4,2025,38,SKU038,Cooking Oil,Home Care,HCR,4,3,2,18,166,177,166,2094.92,203,37,50,120,10,1,0,12.62,0,0,0,3
2025-11-30,48,11,4,2025,29,SKU029,Laundry Detergent,Personal Care,PCR,8,4,4,9,124,102,124,1623.16,126,2,50,120,7,1,0,13.09,0,0,0,4
2025-01-11,2,1,1,2025,6,SKU006,Lemon Soda 330ml,Beverages,BVG,5,4,3,1,202,226,202,826.18,242,40,50,120,7,1,0,4.09,0,0,0,3
2025-02-04,6,2,1,2025,28,SKU028,Hand Wash,Personal Care,PCR,3,4,1,3,247,200,193,3240.47,193,0,50,120,5,1,0,16.79,0,1,54,1
2025-01-31,5,1,1,2025,29,SKU029,Laundry Detergent,Personal Care,PCR,2,1,2,18,119,124,119,997.34,134,15,50,120,10,3,0,9.86,15,0,0,0
2025-03-18,12,3,1,2025,17,SKU017,Milk 1L,Dairy,DAR,2,2,2,10,128,119,128,1144.32,306,178,50,120,2,1,0,8.94,0,0,0,0
2025-01-29,5,1,1,2025,8,SKU008,Sparkling Water 500ml,Snacks,SNK,8,2,1,6,95,82,95,477.85,281,186,50,120,5,1,0,5.03,0,0,0,4
2025-07-03,27,7,3,2025,37,SKU037,Fruit Jam,Home Care,HCR,7,3,4,8,174,145,174,1230.88,231,57,50,120,9,2,0,7.86,10,0,0,0
2025-12-11,50,12,4,2025,18,SKU018,Yogurt Cup,Dairy,DAR,1,4,1,15,162,134,162,1145.66,323,161,50,120,10,3,0,8.32,15,0,0,4
2025-01-08,2,1,1,2025,29,SKU029,Laundry Detergent,Personal Care,PCR,3,1,2,16,80,86,80,896,221,141,50,120,4,1,0,11.2,0,0,0,3
2025-03-22,12,3,1,2025,40,SKU040,Tea Pack,Home Care,HCR,1,3,4,7,107,93,107,1085.3,299,192,50,120,11,2,0,11.27,10,0,0,3
2025-12-06,49,12,4,2025,21,SKU021,Cream 250ml,Dairy,DAR,7,2,3,7,233,216,233,1141.7,277,44,50,120,14,1,0,4.9,0,0,0,4
2025-01-03,1,1,1,2025,31,SKU031,Surface Cleaner,Personal Care,PCR,6,2,4,9,204,181,187,2824.9,187,0,50,120,3,6,1,16.42,8,1,17,3
2025-01-24,4,1,1,2025,31,SKU031,Surface Cleaner,Personal Care,PCR,1,1,2,4,115,102,115,1281.1,270,155,50,120,8,1,0,11.14,0,0,0,2
2025-02-28,9,2,1,2025,14,SKU014,Popcorn,Snacks,SNK,8,3,1,2,236,216,185,576.09,185,0,50,120,9,2,0,3.46,10,1,51,2
2025-04-20,16,4,2,2025,7,SKU007,Mango Juice 1L,Beverages,BVG,7,5,3,15,139,140,139,2638.22,250,111,50,120,12,1,0,18.98,0,0,0,2
2025-07-25,30,7,3,2025,22,SKU022,Flavored Milk,Dairy,DAR,5,1,2,12,193,247,193,800.76,334,141,50,120,12,2,0,4.61,10,0,0,3
2025-05-08,19,5,2,2025,18,SKU018,Yogurt Cup,Dairy,DAR,1,2,4,20,207,193,142,492.74,142,0,50,120,9,1,0,3.47,0,1,65,0
2025-05-29,22,5,2,2025,2,SKU002,Orange Juice 1L,Beverages,BVG,3,5,3,11,179,183,179,744.64,314,135,50,120,4,1,0,4.16,0,0,0,1
2025-04-25,17,4,2,2025,22,SKU022,Flavored Milk,Dairy,DAR,5,1,4,18,157,131,157,769.3,176,19,50,120,11,1,0,4.9,0,0,0,3
2025-04-19,16,4,2,2025,23,SKU023,Shampoo,Dairy,DAR,8,4,2,9,213,209,213,1895.7,310,97,50,120,4,1,0,8.9,0,0,0,4
2025-12-17,51,12,4,2025,18,SKU018,Yogurt Cup,Dairy,DAR,8,4,3,19,141,158,141,2563.38,155,14,50,120,7,1,0,18.18,0,0,0,0
2025-10-11,41,10,4,2025,14,SKU014,Popcorn,Snacks,SNK,2,2,4,19,186,155,186,1642.38,214,28,50,120,6,1,0,8.83,0,0,0,2
2025-07-17,29,7,3,2025,40,SKU040,Tea Pack,Home Care,HCR,5,4,3,19,103,121,103,1055.75,172,69,50,120,14,1,0,10.25,0,0,0,2
2025-09-04,36,9,3,2025,16,SKU016,Corn Chips,Dairy,DAR,4,5,2,10,168,150,168,795.98,291,123,50,120,6,6,0,5.15,8,0,0,1
2025-12-30,1,12,4,2025,29,SKU029,Laundry Detergent,Personal Care,PCR,2,2,1,10,98,108,98,513.91,138,40,50,120,3,6,4,5.7,8,0,0,1
2025-12-14,50,12,4,2025,32,SKU032,Toilet Cleaner,Home Care,HCR,6,5,1,17,93,77,93,1807.92,142,49,50,120,8,1,0,19.44,0,0,0,2
2025-12-30,1,12,4,2025,16,SKU016,Corn Chips,Dairy,DAR,4,1,2,4,112,116,112,2050.72,165,53,50,120,6,1,4,18.31,0,0,0,4
2025-09-21,38,9,3,2025,26,SKU026,Face Wash,Personal Care,PCR,7,1,3,17,218,200,137,1605.75,137,0,50,120,4,6,0,12.74,8,1,81,3
2025-07-06,27,7,3,2025,17,SKU017,Milk 1L,Dairy,DAR,7,2,3,12,114,104,114,1326.23,229,115,50,120,10,5,0,13.22,12,0,0,1
2025-07-03,27,7,3,2025,10,SKU010,Cheese Crackers,Snacks,SNK,2,5,1,6,174,192,160,665.98,160,0,50,120,6,5,0,4.73,12,1,14,4
2025-10-18,42,10,4,2025,24,SKU024,Soap,Personal Care,PCR,4,4,2,8,210,204,123,1856.07,123,0,50,120,14,1,0,15.09,0,1,87,0
2025-05-04,18,5,2,2025,2,SKU002,Orange Juice 1L,Beverages,BVG,7,3,4,2,225,253,225,2494.8,242,17,50,120,5,5,0,12.6,12,0,0,0
2025-08-20,34,8,3,2025,31,SKU031,Surface Cleaner,Personal Care,PCR,5,1,3,3,168,172,166,850.65,166,0,50,120,7,6,0,5.57,8,1,2,0
2025-08-05,32,8,3,2025,29,SKU029,Laundry Detergent,Personal Care,PCR,3,3,4,11,129,112,129,1573.48,182,53,50,120,3,3,0,14.35,15,0,0,4
2025-08-08,32,8,3,2025,14,SKU014,Popcorn,Snacks,SNK,3,1,3,17,122,103,122,1466.54,308,186,50,120,2,5,0,13.66,12,0,0,2
2025-01-25,4,1,1,2025,35,SKU035,Cereal,Home Care,HCR,5,4,1,8,112,128,112,646.24,291,179,50,120,9,1,0,5.77,0,0,0,0
2025-12-26,52,12,4,2025,40,SKU040,Tea Pack,Home Care,HCR,6,3,2,9,175,169,175,2514.75,257,82,50,120,12,1,4,14.37,0,0,0,2
2025-04-24,17,4,2,2025,16,SKU016,Corn Chips,Dairy,DAR,1,5,2,9,181,191,159,561.27,159,0,50,120,12,1,0,3.53,0,1,22,0
2025-07-15,29,7,3,2025,7,SKU007,Mango Juice 1L,Beverages,BVG,8,3,1,19,236,265,236,2862.68,246,10,50,120,9,1,0,12.13,0,0,0,1
2025-03-14,11,3,1,2025,30,SKU030,Dishwashing Liquid,Personal Care,PCR,1,1,1,11,203,179,203,1081.99,298,95,50,120,5,1,0,5.33,0,0,0,0
2025-04-24,17,4,2,2025,12,SKU012,Chocolate Cookies,Snacks,SNK,5,2,4,15,158,144,158,1472.56,213,55,50,120,4,1,0,9.32,0,0,0,0
2025-03-09,10,3,1,2025,38,SKU038,Cooking Oil,Home Care,HCR,5,1,1,13,199,201,159,2203.74,159,0,50,120,3,1,0,13.86,0,1,40,1
2025-01-02,1,1,1,2025,1,SKU001,Cola 500ml,Beverages,BVG,8,5,2,10,158,158,158,1221.34,271,113,50,120,10,1,1,7.73,0,0,0,1
2025-09-05,36,9,3,2025,2,SKU002,Orange Juice 1L,Beverages,BVG,5,5,2,17,128,125,128,2156.42,270,142,50,120,2,3,0,19.82,15,0,0,3
2025-08-09,32,8,3,2025,34,SKU034,Floor Cleaner,Home Care,HCR,8,3,4,8,135,135,135,1926.99,150,15,50,120,13,2,0,15.86,10,0,0,4
2025-10-05,40,10,4,2025,21,SKU021,Cream 250ml,Dairy,DAR,8,3,2,15,172,148,128,2141.44,128,0,50,120,7,1,0,16.73,0,1,44,2
2025-08-21,34,8,3,2025,26,SKU026,Face Wash,Personal Care,PCR,7,3,3,1,153,178,153,3014.1,179,26,50,120,6,1,0,19.7,0,0,0,4
2025-02-01,5,2,1,2025,16,SKU016,Corn Chips,Dairy,DAR,5,2,3,11,214,170,214,3856.28,254,40,50,120,9,1,0,18.02,0,0,0,0
2025-04-06,14,4,2,2025,28,SKU028,Hand Wash,Personal Care,PCR,6,4,4,10,198,165,131,1941.42,131,0,50,120,8,1,0,14.82,0,1,67,1
2025-06-10,24,6,2,2025,1,SKU001,Cola 500ml,Beverages,BVG,4,3,1,6,160,175,135,2511,135,0,50,120,2,1,0,18.6,0,1,25,3
2025-08-06,32,8,3,2025,32,SKU032,Toilet Cleaner,Home Care,HCR,7,5,3,1,150,175,150,1486.5,189,39,50,120,8,1,0,9.91,0,0,0,3
2025-04-06,14,4,2,2025,4,SKU004,Energy Drink 250ml,Beverages,BVG,1,5,2,7,70,85,70,559.3,202,132,50,120,2,1,0,7.99,0,0,0,4
2025-12-12,50,12,4,2025,28,SKU028,Hand Wash,Personal Care,PCR,4,2,4,19,123,134,123,2125.44,338,215,50,120,14,1,0,17.28,0,0,0,4
2025-06-14,24,6,2,2025,2,SKU002,Orange Juice 1L,Beverages,BVG,2,2,2,15,247,220,143,1598.74,143,0,50,120,6,1,0,11.18,0,1,104,3
2025-07-05,27,7,3,2025,27,SKU027,Body Lotion,Personal Care,PCR,7,2,3,19,162,129,162,2230.74,181,19,50,120,5,1,0,13.77,0,0,0,3
2025-11-21,47,11,4,2025,23,SKU023,Shampoo,Dairy,DAR,8,1,1,13,201,230,201,2984.85,318,117,50,120,9,1,0,14.85,0,0,0,1
2025-11-03,45,11,4,2025,38,SKU038,Cooking Oil,Home Care,HCR,5,4,1,10,219,230,219,3786.29,324,105,50,120,9,2,0,19.21,10,0,0,1
2025-12-21,51,12,4,2025,29,SKU029,Laundry Detergent,Personal Care,PCR,8,3,3,17,91,109,91,890.89,121,30,50,120,7,1,4,9.79,0,0,0,1
2025-02-21,8,2,1,2025,12,SKU012,Chocolate Cookies,Snacks,SNK,7,3,3,20,190,193,190,1096.3,258,68,50,120,11,1,0,5.77,0,0,0,4
2025-10-16,42,10,4,2025,32,SKU032,Toilet Cleaner,Home Care,HCR,6,2,3,4,108,102,108,438.48,335,227,50,120,7,1,0,4.06,0,0,0,1
2025-08-02,31,8,3,2025,31,SKU031,Surface Cleaner,Personal Care,PCR,8,3,4,9,141,164,141,783.96,289,148,50,120,5,1,0,5.56,0,0,0,1
2025-12-27,52,12,4,2025,2,SKU002,Orange Juice 1L,Beverages,BVG,6,4,1,16,147,183,147,874.65,216,69,50,120,10,1,4,5.95,0,0,0,3
2025-04-12,15,4,2,2025,27,SKU027,Body Lotion,Personal Care,PCR,3,5,2,17,103,99,103,1709.8,186,83,50,120,7,1,0,16.6,0,0,0,2
2025-10-09,41,10,4,2025,19,SKU019,Butter 200g,Dairy,DAR,4,5,2,15,174,210,174,1315.44,190,16,50,120,13,1,0,7.56,0,0,0,2
2025-10-18,42,10,4,2025,15,SKU015,Pretzels,Snacks,SNK,2,1,1,19,176,172,162,2721.6,162,0,50,120,13,1,0,16.8,0,1,14,4
2025-03-17,12,3,1,2025,4,SKU004,Energy Drink 250ml,Beverages,BVG,4,4,1,15,108,91,108,261.36,253,145,50,120,10,1,0,2.42,0,0,0,1
2025-04-04,14,4,2,2025,4,SKU004,Energy Drink 250ml,Beverages,BVG,2,1,1,2,143,168,143,456.17,215,72,50,120,4,1,0,3.19,0,0,0,2
2025-12-10,50,12,4,2025,6,SKU006,Lemon Soda 330ml,Beverages,BVG,5,5,1,2,119,108,119,1529.15,232,113,50,120,13,1,0,12.85,0,0,0,2
2025-04-27,17,4,2,2025,3,SKU003,Mineral Water 1.5L,Beverages,BVG,8,4,4,7,229,206,156,1383.72,156,0,50,120,5,1,0,8.87,0,1,73,2
2025-05-19,21,5,2,2025,24,SKU024,Soap,Personal Care,PCR,2,2,4,12,257,231,221,529.74,221,0,50,120,9,3,0,2.82,15,1,36,4
2025-06-28,26,6,2,2025,8,SKU008,Sparkling Water 500ml,Snacks,SNK,6,4,2,6,94,87,94,1670.38,324,230,50,120,7,1,0,17.77,0,0,0,3
2025-12-03,49,12,4,2025,20,SKU020,Cheese Slices,Dairy,DAR,4,2,2,12,120,138,120,1107.74,167,47,50,120,11,5,0,10.49,12,0,0,0
2025-05-16,20,5,2,2025,27,SKU027,Body Lotion,Personal Care,PCR,6,4,1,10,106,110,106,1817.9,268,162,50,120,6,1,0,17.15,0,0,0,1
2025-10-10,41,10,4,2025,1,SKU001,Cola 500ml,Beverages,BVG,7,4,4,14,98,115,98,1717.94,292,194,50,120,5,1,0,17.53,0,0,0,0
2025-03-21,12,3,1,2025,24,SKU024,Soap,Personal Care,PCR,7,3,2,4,196,223,196,3449.6,284,88,50,120,4,1,0,17.6,0,0,0,4
2025-04-08,15,4,2,2025,27,SKU027,Body Lotion,Personal Care,PCR,1,2,4,2,228,206,228,3889.68,244,16,50,120,14,1,0,17.06,0,0,0,4
2025-02-22,8,2,1,2025,14,SKU014,Popcorn,Snacks,SNK,4,5,2,12,158,142,158,2382.64,281,123,50,120,7,1,0,15.08,0,0,0,0
2025-09-03,36,9,3,2025,6,SKU006,Lemon Soda 330ml,Beverages,BVG,2,1,1,7,120,142,120,1595.52,260,140,50,120,5,4,0,16.62,20,0,0,1
2025-02-13,7,2,1,2025,40,SKU040,Tea Pack,Home Care,HCR,8,2,3,8,90,98,90,666,120,30,50,120,14,1,0,7.4,0,0,0,3
2025-02-28,9,2,1,2025,2,SKU002,Orange Juice 1L,Beverages,BVG,1,2,2,12,102,88,102,1261.49,235,133,50,120,2,3,0,14.55,15,0,0,2
2025-07-18,29,7,3,2025,25,SKU025,Toothpaste,Personal Care,PCR,8,4,4,9,201,212,138,1813.32,138,0,50,120,4,1,0,13.14,0,1,63,3
2025-07-28,31,7,3,2025,29,SKU029,Laundry Detergent,Personal Care,PCR,2,1,3,14,90,92,90,1641.6,267,177,50,120,2,1,0,18.24,0,0,0,0
2025-05-13,20,5,2,2025,11,SKU011,Salted Peanuts,Snacks,SNK,7,2,2,13,136,145,136,2172.6,153,17,50,120,12,2,0,17.75,10,0,0,0
2025-12-03,49,12,4,2025,39,SKU039,Rice,Home Care,HCR,2,2,1,3,165,175,165,1018.05,272,107,50,120,6,1,0,6.17,0,0,0,0
2025-06-01,22,6,2,2025,26,SKU026,Face Wash,Personal Care,PCR,2,3,1,12,192,225,143,2167.88,143,0,50,120,13,1,0,15.16,0,1,49,1
2025-11-12,46,11,4,2025,10,SKU010,Cheese Crackers,Snacks,SNK,5,4,4,13,237,215,150,1711.5,150,0,50,120,3,1,0,11.41,0,1,87,3
2025-04-27,17,4,2,2025,35,SKU035,Cereal,Home Care,HCR,5,1,1,15,137,127,137,1208.34,333,196,50,120,6,1,0,8.82,0,0,0,1
2025-03-20,12,3,1,2025,20,SKU020,Cheese Slices,Dairy,DAR,5,2,1,18,155,146,155,1497.3,163,8,50,120,2,1,0,9.66,0,0,0,3
2025-02-11,7,2,1,2025,14,SKU014,Popcorn,Snacks,SNK,2,1,1,13,213,198,213,2112.96,270,57,50,120,6,1,0,9.92,0,0,0,4
2025-01-10,2,1,1,2025,18,SKU018,Yogurt Cup,Dairy,DAR,4,1,1,18,196,186,124,247.01,124,0,50,120,5,4,0,2.49,20,1,72,4
2025-09-23,39,9,3,2025,13,SKU013,Nachos,Snacks,SNK,6,1,1,18,149,161,149,1869.95,184,35,50,120,12,1,0,12.55,0,0,0,3
2025-06-06,23,6,2,2025,3,SKU003,Mineral Water 1.5L,Beverages,BVG,5,4,3,6,122,135,122,716.14,297,175,50,120,11,1,0,5.87,0,0,0,3
2025-01-11,2,1,1,2025,35,SKU035,Cereal,Home Care,HCR,2,5,4,11,149,157,149,1662.84,284,135,50,120,5,1,0,11.16,0,0,0,2
2025-02-28,9,2,1,2025,27,SKU027,Body Lotion,Personal Care,PCR,5,5,2,14,193,201,183,1723.86,183,0,50,120,9,1,0,9.42,0,1,10,2
2025-11-10,46,11,4,2025,3,SKU003,Mineral Water 1.5L,Beverages,BVG,1,1,3,6,137,141,137,1817.17,327,190,50,120,7,4,0,16.58,20,0,0,2
2025-12-20,51,12,4,2025,32,SKU032,Toilet Cleaner,Home Care,HCR,2,2,4,17,130,145,130,436.41,286,156,50,120,12,2,0,3.73,10,0,0,3
2025-01-23,4,1,1,2025,29,SKU029,Laundry Detergent,Personal Care,PCR,5,4,4,17,200,202,200,2464,215,15,50,120,8,5,0,14,12,0,0,1
2025-07-19,29,7,3,2025,27,SKU027,Body Lotion,Personal Care,PCR,2,2,1,18,284,252,239,584.88,239,0,50,120,4,6,0,2.66,8,1,45,2
2025-05-18,20,5,2,2025,8,SKU008,Sparkling Water 500ml,Snacks,SNK,3,5,2,6,210,225,210,3642.41,214,4,50,120,3,5,0,19.71,12,0,0,1
2025-10-18,42,10,4,2025,1,SKU001,Cola 500ml,Beverages,BVG,4,3,3,10,173,196,159,728.22,159,0,50,120,3,1,0,4.58,0,1,14,2
2025-04-16,16,4,2,2025,37,SKU037,Fruit Jam,Home Care,HCR,7,1,1,8,74,88,74,165.02,239,165,50,120,8,1,0,2.23,0,0,0,2
2025-05-04,18,5,2,2025,21,SKU021,Cream 250ml,Dairy,DAR,4,4,3,7,101,104,101,1118.07,290,189,50,120,2,1,0,11.07,0,0,0,2
2025-10-21,43,10,4,2025,37,SKU037,Fruit Jam,Home Care,HCR,8,5,2,13,131,132,131,1783.7,280,149,50,120,4,6,0,14.8,8,0,0,4
2025-08-25,35,8,3,2025,31,SKU031,Surface Cleaner,Personal Care,PCR,6,5,4,7,155,172,155,2503.25,266,111,50,120,14,1,0,16.15,0,0,0,2
2025-10-18,42,10,4,2025,20,SKU020,Cheese Slices,Dairy,DAR,5,3,3,14,100,112,100,242.1,146,46,50,120,14,2,0,2.69,10,0,0,4
2025-08-17,33,8,3,2025,12,SKU012,Chocolate Cookies,Snacks,SNK,3,1,2,5,185,207,148,2131.2,148,0,50,120,5,1,0,14.4,0,1,37,1
2025-04-18,16,4,2,2025,24,SKU024,Soap,Personal Care,PCR,1,2,1,6,155,156,155,1553.1,306,151,50,120,9,1,0,10.02,0,0,0,0
2025-02-04,6,2,1,2025,35,SKU035,Cereal,Home Care,HCR,7,2,2,2,91,89,91,1745.38,249,158,50,120,11,1,0,19.18,0,0,0,3
2025-05-02,18,5,2,2025,40,SKU040,Tea Pack,Home Care,HCR,6,1,4,7,172,202,172,1909.2,345,173,50,120,5,1,0,11.1,0,0,0,2
2025-01-07,2,1,1,2025,17,SKU017,Milk 1L,Dairy,DAR,6,1,4,19,106,99,106,1543.36,245,139,50,120,7,1,0,14.56,0,0,0,0
2025-07-16,29,7,3,2025,11,SKU011,Salted Peanuts,Snacks,SNK,2,4,1,13,177,215,177,1830.36,258,81,50,120,12,2,0,11.49,10,0,0,0
2025-09-12,37,9,3,2025,5,SKU005,Iced Tea 500ml,Beverages,BVG,5,1,4,20,206,243,206,1829.79,273,67,50,120,6,3,0,10.45,15,0,0,0
2025-08-31,35,8,3,2025,26,SKU026,Face Wash,Personal Care,PCR,1,3,3,18,162,160,146,941.76,146,0,50,120,5,5,0,7.33,12,1,16,4
2025-07-24,30,7,3,2025,3,SKU003,Mineral Water 1.5L,Beverages,BVG,3,5,4,10,152,132,152,2017.1,282,130,50,120,12,5,0,15.08,12,0,0,4
2025-01-24,4,1,1,2025,9,SKU009,Potato Chips,Snacks,SNK,4,1,2,9,102,89,102,266.17,299,197,50,120,5,3,0,3.07,15,0,0,3
2025-04-26,17,4,2,2025,6,SKU006,Lemon Soda 330ml,Beverages,BVG,2,2,4,17,270,265,270,2882.52,277,7,50,120,8,3,0,12.56,15,0,0,2
2025-03-20,12,3,1,2025,20,SKU020,Cheese Slices,Dairy,DAR,1,5,3,16,165,149,165,2486.88,193,28,50,120,2,4,0,18.84,20,0,0,0
2025-03-25,13,3,1,2025,8,SKU008,Sparkling Water 500ml,Snacks,SNK,6,1,2,13,93,90,93,235.1,311,218,50,120,4,4,0,3.16,20,0,0,2
2025-10-05,40,10,4,2025,10,SKU010,Cheese Crackers,Snacks,SNK,2,2,2,10,125,134,125,486.62,312,187,50,120,5,3,0,4.58,15,0,0,0
2025-01-28,5,1,1,2025,34,SKU034,Floor Cleaner,Home Care,HCR,6,2,2,11,183,156,183,1591.08,317,134,50,120,13,5,0,9.88,12,0,0,3
2025-12-17,51,12,4,2025,10,SKU010,Cheese Crackers,Snacks,SNK,6,2,2,1,176,187,176,932.8,258,82,50,120,12,1,0,5.3,0,0,0,0
2025-04-14,16,4,2,2025,33,SKU033,Fabric Softener,Home Care,HCR,8,5,2,15,79,90,79,1246.3,192,113,50,120,3,3,0,18.56,15,0,0,0
2025-06-28,26,6,2,2025,18,SKU018,Yogurt Cup,Dairy,DAR,7,1,2,8,106,119,106,224.72,312,206,50,120,9,1,0,2.12,0,0,0,0
2025-07-29,31,7,3,2025,2,SKU002,Orange Juice 1L,Beverages,BVG,7,3,4,18,159,156,159,1800.2,181,22,50,120,7,2,0,12.58,10,0,0,1
2025-07-17,29,7,3,2025,24,SKU024,Soap,Personal Care,PCR,8,3,2,16,203,180,174,1715.64,174,0,50,120,6,1,0,9.86,0,1,29,3
2025-11-15,46,11,4,2025,4,SKU004,Energy Drink 250ml,Beverages,BVG,8,3,4,4,129,124,129,1101.14,340,211,50,120,5,5,0,9.7,12,0,0,4
2025-12-25,52,12,4,2025,24,SKU024,Soap,Personal Care,PCR,7,3,4,4,122,138,121,1096.38,121,0,50,120,10,3,4,10.66,15,1,1,0
2025-07-20,29,7,3,2025,32,SKU032,Toilet Cleaner,Home Care,HCR,8,3,4,20,156,178,156,1408.21,203,47,50,120,11,2,0,10.03,10,0,0,1
2025-03-30,13,3,1,2025,14,SKU014,Popcorn,Snacks,SNK,8,3,2,14,231,253,231,498.04,324,93,50,120,14,5,0,2.45,12,0,0,0
2025-08-28,35,8,3,2025,12,SKU012,Chocolate Cookies,Snacks,SNK,4,3,4,7,158,153,143,473.62,143,0,50,120,8,6,0,3.6,8,1,15,2
2025-10-23,43,10,4,2025,39,SKU039,Rice,Home Care,HCR,5,5,1,19,214,229,147,801.74,147,0,50,120,13,2,0,6.06,10,1,67,3
2025-07-31,31,7,3,2025,14,SKU014,Popcorn,Snacks,SNK,7,3,3,13,194,219,194,2206.94,280,86,50,120,7,2,0,12.64,10,0,0,3
2025-08-17,33,8,3,2025,18,SKU018,Yogurt Cup,Dairy,DAR,1,3,3,3,185,209,133,2213.12,133,0,50,120,5,1,0,16.64,0,1,52,1
2025-09-13,37,9,3,2025,24,SKU024,Soap,Personal Care,PCR,2,2,2,3,213,235,139,308.02,139,0,50,120,8,4,0,2.77,20,1,74,1
2025-09-28,39,9,3,2025,39,SKU039,Rice,Home Care,HCR,4,1,1,3,156,176,156,1719.74,203,47,50,120,9,4,0,13.78,20,0,0,2
2025-01-18,3,1,1,2025,2,SKU002,Orange Juice 1L,Beverages,BVG,5,2,4,6,193,214,193,3349.24,234,41,50,120,4,5,0,19.72,12,0,0,3
2025-06-27,26,6,2,2025,38,SKU038,Cooking Oil,Home Care,HCR,2,2,3,12,138,133,138,1845.13,220,82,50,120,12,3,0,15.73,15,0,0,2
2025-09-30,40,9,3,2025,15,SKU015,Pretzels,Snacks,SNK,1,1,4,14,100,105,100,1718,278,178,50,120,14,1,0,17.18,0,0,0,2
2025-06-04,23,6,2,2025,14,SKU014,Popcorn,Snacks,SNK,8,5,3,13,146,131,146,1766.6,209,63,50,120,3,1,0,12.1,0,0,0,0
2025-10-22,43,10,4,2025,6,SKU006,Lemon Soda 330ml,Beverages,BVG,6,4,2,14,106,101,106,1479.42,281,175,50,120,14,5,0,15.86,12,0,0,4
2025-11-03,45,11,4,2025,33,SKU033,Fabric Softener,Home Care,HCR,8,1,3,10,232,253,232,1169.4,347,115,50,120,12,3,0,5.93,15,0,0,1
2025-11-22,47,11,4,2025,15,SKU015,Pretzels,Snacks,SNK,4,3,4,11,150,145,150,1927.8,167,17,50,120,2,3,0,15.12,15,0,0,0
2025-06-01,22,6,2,2025,8,SKU008,Sparkling Water 500ml,Snacks,SNK,6,5,2,4,113,130,113,806.82,307,194,50,120,6,1,0,7.14,0,0,0,2
2025-09-21,38,9,3,2025,32,SKU032,Toilet Cleaner,Home Care,HCR,6,3,1,8,180,209,180,2559.6,311,131,50,120,7,1,0,14.22,0,0,0,1
2025-06-14,24,6,2,2025,25,SKU025,Toothpaste,Personal Care,PCR,5,3,1,17,205,209,205,2969.22,306,101,50,120,6,3,0,17.04,15,0,0,1
2025-04-19,16,4,2,2025,26,SKU026,Face Wash,Personal Care,PCR,8,4,3,12,174,169,174,1131,229,55,50,120,10,1,0,6.5,0,0,0,4
2025-01-22,4,1,1,2025,35,SKU035,Cereal,Home Care,HCR,4,3,1,8,145,148,145,2670.9,204,59,50,120,5,1,0,18.42,0,0,0,1
2025-01-18,3,1,1,2025,21,SKU021,Cream 250ml,Dairy,DAR,8,3,1,7,216,205,216,2354.4,333,117,50,120,12,1,0,10.9,0,0,0,1
2025-08-06,32,8,3,2025,5,SKU005,Iced Tea 500ml,Beverages,BVG,6,1,4,5,291,257,130,460.2,130,0,50,120,10,1,0,3.54,0,1,161,4
2025-03-31,14,3,1,2025,34,SKU034,Floor Cleaner,Home Care,HCR,4,5,3,16,103,119,103,405.57,216,113,50,120,3,6,0,4.28,8,0,0,3
2025-06-23,26,6,2,2025,6,SKU006,Lemon Soda 330ml,Beverages,BVG,4,2,1,15,193,220,193,2785.38,245,52,50,120,14,4,0,18.04,20,0,0,1
2025-11-04,45,11,4,2025,26,SKU026,Face Wash,Personal Care,PCR,6,3,1,14,162,203,162,1660.66,320,158,50,120,3,3,0,12.06,15,0,0,4
2025-01-23,4,1,1,2025,16,SKU016,Corn Chips,Dairy,DAR,5,5,1,7,175,186,175,2908.5,189,14,50,120,9,1,0,16.62,0,0,0,1
2025-02-10,7,2,1,2025,39,SKU039,Rice,Home Care,HCR,2,5,1,20,163,172,163,3103.52,306,143,50,120,4,1,0,19.04,0,0,0,0
2025-09-27,39,9,3,2025,17,SKU017,Milk 1L,Dairy,DAR,1,4,3,17,232,235,184,1125.34,184,0,50,120,2,5,0,6.95,12,1,48,2
2025-03-11,11,3,1,2025,23,SKU023,Shampoo,Dairy,DAR,5,2,4,14,119,138,119,297.5,157,38,50,120,7,1,0,2.5,0,0,0,0
2025-08-11,33,8,3,2025,36,SKU036,Biscuits,Home Care,HCR,1,4,2,16,110,94,110,2108.7,247,137,50,120,14,1,0,19.17,0,0,0,3
2025-03-31,14,3,1,2025,28,SKU028,Hand Wash,Personal Care,PCR,7,3,3,3,239,207,239,4247.03,248,9,50,120,5,1,0,17.77,0,0,0,0
2025-08-24,34,8,3,2025,2,SKU002,Orange Juice 1L,Beverages,BVG,3,5,2,5,304,269,250,2558.6,250,0,50,120,2,5,0,11.63,12,1,54,0
2025-06-18,25,6,2,2025,5,SKU005,Iced Tea 500ml,Beverages,BVG,8,4,2,14,180,174,128,469.76,128,0,50,120,6,1,0,3.67,0,1,52,1
2025-03-15,11,3,1,2025,22,SKU022,Flavored Milk,Dairy,DAR,4,3,1,7,174,206,174,2088,208,34,50,120,9,1,0,12,0,0,0,0
2025-03-02,9,3,1,2025,21,SKU021,Cream 250ml,Dairy,DAR,3,1,3,19,208,193,208,2195.86,252,44,50,120,2,3,0,12.42,15,0,0,3
2025-10-23,43,10,4,2025,27,SKU027,Body Lotion,Personal Care,PCR,4,5,3,17,103,99,103,280.16,227,124,50,120,8,3,0,3.2,15,0,0,1
2025-08-07,32,8,3,2025,34,SKU034,Floor Cleaner,Home Care,HCR,2,4,4,15,132,167,124,969.68,124,0,50,120,4,1,0,7.82,0,1,8,4
2025-03-03,10,3,1,2025,32,SKU032,Toilet Cleaner,Home Care,HCR,5,4,3,2,123,142,123,2324.7,133,10,50,120,5,1,0,18.9,0,0,0,1
2025-08-18,34,8,3,2025,10,SKU010,Cheese Crackers,Snacks,SNK,6,1,3,19,172,198,167,2733.79,167,0,50,120,13,1,0,16.37,0,1,5,3
2025-03-16,11,3,1,2025,37,SKU037,Fruit Jam,Home Care,HCR,8,5,2,4,182,224,182,1676.07,327,145,50,120,13,6,0,10.01,8,0,0,4
2025-01-05,1,1,1,2025,22,SKU022,Flavored Milk,Dairy,DAR,8,3,2,19,154,143,151,1899.58,151,0,50,120,7,1,0,12.58,0,1,3,0
2025-08-14,33,8,3,2025,27,SKU027,Body Lotion,Personal Care,PCR,6,5,1,4,144,149,144,2479.25,306,162,50,120,6,2,0,19.13,10,0,0,3
2025-11-16,46,11,4,2025,6,SKU006,Lemon Soda 330ml,Beverages,BVG,4,2,3,18,173,202,151,1177.8,151,0,50,120,11,1,0,7.8,0,1,22,1
2025-09-21,38,9,3,2025,9,SKU009,Potato Chips,Snacks,SNK,8,2,2,19,162,148,162,1088.64,195,33,50,120,5,1,0,6.72,0,0,0,3
2025-03-09,10,3,1,2025,31,SKU031,Surface Cleaner,Personal Care,PCR,8,4,2,12,210,179,198,1615.2,198,0,50,120,2,5,0,9.27,12,1,12,3
2025-11-27,48,11,4,2025,16,SKU016,Corn Chips,Dairy,DAR,3,3,4,17,191,208,189,3188.43,189,0,50,120,10,1,0,16.87,0,1,2,4
2025-04-16,16,4,2,2025,16,SKU016,Corn Chips,Dairy,DAR,7,2,1,9,182,178,182,371.28,187,5,50,120,3,1,0,2.04,0,0,0,1
2025-02-25,9,2,1,2025,17,SKU017,Milk 1L,Dairy,DAR,6,1,1,19,260,251,194,2615.12,194,0,50,120,2,4,0,16.85,20,1,66,0
2025-03-26,13,3,1,2025,16,SKU016,Corn Chips,Dairy,DAR,4,4,3,15,224,200,224,2179.52,341,117,50,120,2,1,0,9.73,0,0,0,2
2025-05-12,20,5,2,2025,4,SKU004,Energy Drink 250ml,Beverages,BVG,5,1,2,20,187,167,187,3096.72,320,133,50,120,12,6,0,18,8,0,0,2
2025-05-25,21,5,2,2025,23,SKU023,Shampoo,Dairy,DAR,6,5,2,14,112,97,112,1458.24,141,29,50,120,7,1,0,13.02,0,0,0,2
2025-05-07,19,5,2,2025,6,SKU006,Lemon Soda 330ml,Beverages,BVG,3,1,2,12,290,328,290,4729.32,343,53,50,120,10,2,0,18.12,10,0,0,4
2025-09-01,36,9,3,2025,40,SKU040,Tea Pack,Home Care,HCR,2,1,3,5,184,198,130,1131,130,0,50,120,2,1,0,8.7,0,1,54,4
2025-01-31,5,1,1,2025,33,SKU033,Fabric Softener,Home Care,HCR,2,5,2,14,142,123,142,1635.84,341,199,50,120,12,4,0,14.4,20,0,0,1
2025-10-05,40,10,4,2025,9,SKU009,Potato Chips,Snacks,SNK,3,3,4,5,181,175,181,1505.2,234,53,50,120,10,2,0,9.24,10,0,0,2
2025-10-10,41,10,4,2025,11,SKU011,Salted Peanuts,Snacks,SNK,8,1,1,19,148,182,148,1910.68,204,56,50,120,6,1,0,12.91,0,0,0,4
2025-02-19,8,2,1,2025,24,SKU024,Soap,Personal Care,PCR,3,4,3,11,158,159,158,594.08,257,99,50,120,2,1,0,3.76,0,0,0,1
2025-05-21,21,5,2,2025,35,SKU035,Cereal,Home Care,HCR,1,3,3,11,211,196,211,1940.78,332,121,50,120,13,2,0,10.22,10,0,0,4
2025-02-21,8,2,1,2025,28,SKU028,Hand Wash,Personal Care,PCR,6,5,3,15,115,105,115,1398.8,223,108,50,120,6,3,0,14.31,15,0,0,1
2025-02-06,6,2,1,2025,34,SKU034,Floor Cleaner,Home Care,HCR,1,1,3,18,193,184,193,2989.18,288,95,50,120,10,4,0,19.36,20,0,0,1
2025-07-30,31,7,3,2025,31,SKU031,Surface Cleaner,Personal Care,PCR,8,5,1,8,286,232,146,1829.56,146,0,50,120,2,5,0,14.24,12,1,140,1
2025-01-06,2,1,1,2025,14,SKU014,Popcorn,Snacks,SNK,7,4,3,1,154,133,154,629.63,158,4,50,120,14,3,0,4.81,15,0,0,1
2025-12-15,51,12,4,2025,19,SKU019,Butter 200g,Dairy,DAR,8,2,3,1,169,217,169,3020.03,231,62,50,120,13,1,0,17.87,0,0,0,3
2025-10-10,41,10,4,2025,14,SKU014,Popcorn,Snacks,SNK,6,5,1,16,133,124,133,1789.65,332,199,50,120,2,4,0,16.82,20,0,0,0
2025-08-29,35,8,3,2025,37,SKU037,Fruit Jam,Home Care,HCR,8,5,4,19,166,176,166,2267.56,234,68,50,120,6,1,0,13.66,0,0,0,4
2025-11-05,45,11,4,2025,6,SKU006,Lemon Soda 330ml,Beverages,BVG,7,1,4,4,237,219,237,1400.67,306,69,50,120,10,1,0,5.91,0,0,0,2
2025-12-31,1,12,4,2025,12,SKU012,Chocolate Cookies,Snacks,SNK,4,2,2,11,199,200,173,3331.98,173,0,50,120,2,1,4,19.26,0,1,26,3
2025-05-21,21,5,2,2025,32,SKU032,Toilet Cleaner,Home Care,HCR,7,5,3,19,77,83,77,1245.86,292,215,50,120,13,1,0,16.18,0,0,0,1
2025-08-30,35,8,3,2025,12,SKU012,Chocolate Cookies,Snacks,SNK,1,4,2,8,130,150,130,1015.3,277,147,50,120,6,1,0,7.81,0,0,0,2
2025-11-09,45,11,4,2025,27,SKU027,Body Lotion,Personal Care,PCR,2,3,3,11,127,120,127,1048.05,209,82,50,120,6,6,0,8.97,8,0,0,1
2025-04-01,14,4,2,2025,12,SKU012,Chocolate Cookies,Snacks,SNK,6,2,1,1,108,98,108,890.78,136,28,50,120,7,4,0,10.31,20,0,0,1
2025-07-29,31,7,3,2025,30,SKU030,Dishwashing Liquid,Personal Care,PCR,6,1,4,19,135,157,135,911.25,256,121,50,120,6,1,0,6.75,0,0,0,0
2025-06-27,26,6,2,2025,19,SKU019,Butter 200g,Dairy,DAR,8,1,3,3,147,148,147,449.82,268,121,50,120,10,1,0,3.06,0,0,0,2
2025-06-28,26,6,2,2025,20,SKU020,Cheese Slices,Dairy,DAR,4,2,3,17,109,102,109,1118.34,337,228,50,120,7,1,0,10.26,0,0,0,3
2025-12-09,50,12,4,2025,31,SKU031,Surface Cleaner,Personal Care,PCR,2,1,1,5,168,162,168,2249.86,337,169,50,120,14,4,0,16.74,20,0,0,3
2025-06-25,26,6,2,2025,37,SKU037,Fruit Jam,Home Care,HCR,2,5,2,5,171,195,169,346.45,169,0,50,120,6,1,0,2.05,0,1,2,3
2025-10-31,44,10,4,2025,3,SKU003,Mineral Water 1.5L,Beverages,BVG,6,3,1,2,166,146,126,1417.05,126,0,50,120,8,5,0,12.78,12,1,40,2
2025-05-02,18,5,2,2025,36,SKU036,Biscuits,Home Care,HCR,4,1,2,8,95,115,95,1283.45,139,44,50,120,3,1,0,13.51,0,0,0,3
2025-10-27,44,10,4,2025,30,SKU030,Dishwashing Liquid,Personal Care,PCR,8,2,3,13,220,185,161,2415.84,161,0,50,120,14,6,0,16.31,8,1,59,3
2025-04-05,14,4,2,2025,36,SKU036,Biscuits,Home Care,HCR,4,3,2,3,119,103,119,395.08,146,27,50,120,11,1,0,3.32,0,0,0,3
2025-08-30,35,8,3,2025,40,SKU040,Tea Pack,Home Care,HCR,8,3,1,20,209,208,209,2101.62,228,19,50,120,10,6,0,10.93,8,0,0,1
2025-06-18,25,6,2,2025,22,SKU022,Flavored Milk,Dairy,DAR,8,4,2,7,149,134,149,1348.45,339,190,50,120,5,1,0,9.05,0,0,0,2
2025-06-19,25,6,2,2025,24,SKU024,Soap,Personal Care,PCR,8,1,4,3,139,148,139,1855.65,238,99,50,120,11,1,0,13.35,0,0,0,0
2025-09-24,39,9,3,2025,29,SKU029,Laundry Detergent,Personal Care,PCR,6,4,3,7,99,92,99,558.36,152,53,50,120,7,1,0,5.64,0,0,0,4
2025-04-09,15,4,2,2025,39,SKU039,Rice,Home Care,HCR,1,1,3,1,168,139,168,3225.6,183,15,50,120,11,1,0,19.2,0,0,0,0
2025-01-13,3,1,1,2025,8,SKU008,Sparkling Water 500ml,Snacks,SNK,1,5,4,5,229,220,229,1925.09,311,82,50,120,11,3,0,9.89,15,0,0,0
2025-03-22,12,3,1,2025,21,SKU021,Cream 250ml,Dairy,DAR,1,3,3,12,207,220,207,1917.65,341,134,50,120,2,4,0,11.58,20,0,0,0
2025-02-07,6,2,1,2025,1,SKU001,Cola 500ml,Beverages,BVG,2,1,3,1,104,93,104,1378.29,321,217,50,120,8,5,0,15.06,12,0,0,0
2025-09-30,40,9,3,2025,9,SKU009,Potato Chips,Snacks,SNK,6,5,1,17,233,260,176,587.14,176,0,50,120,8,4,0,4.17,20,1,57,4
2025-10-25,43,10,4,2025,7,SKU007,Mango Juice 1L,Beverages,BVG,4,2,2,11,248,224,122,424.56,122,0,50,120,7,1,0,3.48,0,1,126,3
2025-01-31,5,1,1,2025,6,SKU006,Lemon Soda 330ml,Beverages,BVG,1,2,3,14,125,112,125,1828.75,170,45,50,120,5,1,0,14.63,0,0,0,3
2025-12-26,52,12,4,2025,1,SKU001,Cola 500ml,Beverages,BVG,4,4,4,3,178,154,178,1406.63,308,130,50,120,3,5,4,8.98,12,0,0,0
2025-02-24,9,2,1,2025,17,SKU017,Milk 1L,Dairy,DAR,1,2,1,5,125,110,125,1895,142,17,50,120,11,1,0,15.16,0,0,0,4
2025-04-27,17,4,2,2025,19,SKU019,Butter 200g,Dairy,DAR,6,4,2,15,197,211,158,1928.23,158,0,50,120,6,2,0,13.56,10,1,39,4
2025-08-27,35,8,3,2025,26,SKU026,Face Wash,Personal Care,PCR,6,1,2,3,141,149,141,2590.17,197,56,50,120,3,1,0,18.37,0,0,0,1
2025-12-03,49,12,4,2025,18,SKU018,Yogurt Cup,Dairy,DAR,7,2,4,1,85,91,85,509.49,258,173,50,120,6,2,0,6.66,10,0,0,1
2025-06-16,25,6,2,2025,11,SKU011,Salted Peanuts,Snacks,SNK,5,5,4,1,137,143,124,1375.16,124,0,50,120,12,1,0,11.09,0,1,13,1
2025-02-11,7,2,1,2025,33,SKU033,Fabric Softener,Home Care,HCR,2,5,4,18,253,231,243,3859.81,243,0,50,120,3,5,0,18.05,12,1,10,0
2025-06-13,24,6,2,2025,26,SKU026,Face Wash,Personal Care,PCR,2,1,2,19,228,224,228,3775.68,278,50,50,120,6,1,0,16.56,0,0,0,0
2025-03-01,9,3,1,2025,16,SKU016,Corn Chips,Dairy,DAR,7,3,2,9,171,157,171,3213.09,329,158,50,120,8,1,0,18.79,0,0,0,4
2025-03-01,9,3,1,2025,10,SKU010,Cheese Crackers,Snacks,SNK,3,2,2,9,153,152,153,2250.02,228,75,50,120,4,2,0,16.34,10,0,0,1
2025-09-26,39,9,3,2025,14,SKU014,Popcorn,Snacks,SNK,3,4,1,16,176,151,172,928.37,172,0,50,120,7,3,0,6.35,15,1,4,2
2025-12-02,49,12,4,2025,14,SKU014,Popcorn,Snacks,SNK,2,5,1,4,180,145,124,276.77,124,0,50,120,14,2,0,2.48,10,1,56,2
2025-05-04,18,5,2,2025,39,SKU039,Rice,Home Care,HCR,7,5,2,18,202,216,202,1621.17,306,104,50,120,13,5,0,9.12,12,0,0,0
2025-06-03,23,6,2,2025,26,SKU026,Face Wash,Personal Care,PCR,8,2,1,16,149,146,149,1234.84,179,30,50,120,14,3,0,9.75,15,0,0,3
2025-07-31,31,7,3,2025,22,SKU022,Flavored Milk,Dairy,DAR,8,1,4,16,212,194,212,2755.26,324,112,50,120,7,3,0,15.29,15,0,0,4
2025-01-14,3,1,1,2025,11,SKU011,Salted Peanuts,Snacks,SNK,2,1,2,15,129,139,129,1255.04,146,17,50,120,9,2,0,10.81,10,0,0,2
2025-09-02,36,9,3,2025,13,SKU013,Nachos,Snacks,SNK,2,3,3,5,224,209,224,521.92,237,13,50,120,7,1,0,2.33,0,0,0,2
2025-06-14,24,6,2,2025,28,SKU028,Hand Wash,Personal Care,PCR,4,3,2,13,263,239,158,589.58,158,0,50,120,7,3,0,4.39,15,1,105,3
2025-03-08,10,3,1,2025,29,SKU029,Laundry Detergent,Personal Care,PCR,4,3,1,5,221,222,130,1620.58,130,0,50,120,10,6,0,13.55,8,1,91,4
2025-10-17,42,10,4,2025,31,SKU031,Surface Cleaner,Personal Care,PCR,6,2,3,17,166,154,166,1455.82,192,26,50,120,5,1,0,8.77,0,0,0,1
2025-09-06,36,9,3,2025,18,SKU018,Yogurt Cup,Dairy,DAR,2,4,3,3,207,211,173,1806.12,173,0,50,120,3,1,0,10.44,0,1,34,0
2025-07-02,27,7,3,2025,23,SKU023,Shampoo,Dairy,DAR,3,4,2,2,156,136,156,1346.28,242,86,50,120,4,1,0,8.63,0,0,0,1
2025-10-21,43,10,4,2025,13,SKU013,Nachos,Snacks,SNK,5,2,3,4,108,112,108,425.52,121,13,50,120,6,1,0,3.94,0,0,0,4
2025-01-26,4,1,1,2025,38,SKU038,Cooking Oil,Home Care,HCR,8,2,4,1,128,130,128,1436.16,277,149,50,120,4,1,0,11.22,0,0,0,1
2025-10-03,40,10,4,2025,39,SKU039,Rice,Home Care,HCR,2,2,4,9,177,161,177,3492.21,201,24,50,120,9,1,0,19.73,0,0,0,1
2025-05-12,20,5,2,2025,17,SKU017,Milk 1L,Dairy,DAR,8,2,1,11,125,117,125,1912.5,175,50,50,120,9,3,0,18,15,0,0,2
2025-09-23,39,9,3,2025,31,SKU031,Surface Cleaner,Personal Care,PCR,8,1,1,3,115,119,115,254.15,223,108,50,120,8,1,0,2.21,0,0,0,1
2025-04-25,17,4,2,2025,19,SKU019,Butter 200g,Dairy,DAR,7,5,3,4,101,115,101,1180.44,142,41,50,120,13,3,0,13.75,15,0,0,0
2025-09-22,39,9,3,2025,33,SKU033,Fabric Softener,Home Care,HCR,2,3,1,4,216,196,216,3682.8,234,18,50,120,8,1,0,17.05,0,0,0,0
2025-06-22,25,6,2,2025,32,SKU032,Toilet Cleaner,Home Care,HCR,6,1,4,8,149,149,132,2566.08,132,0,50,120,11,1,0,19.44,0,1,17,3
2025-03-02,9,3,1,2025,8,SKU008,Sparkling Water 500ml,Snacks,SNK,1,1,1,6,98,104,98,1709.12,316,218,50,120,6,1,0,17.44,0,0,0,4
2025-05-16,20,5,2,2025,22,SKU022,Flavored Milk,Dairy,DAR,1,2,2,20,101,100,101,1224.12,181,80,50,120,8,1,0,12.12,0,0,0,4
2025-09-22,39,9,3,2025,17,SKU017,Milk 1L,Dairy,DAR,5,3,4,18,110,100,110,1686.3,140,30,50,120,8,1,0,15.33,0,0,0,2
2025-09-01,36,9,3,2025,38,SKU038,Cooking Oil,Home Care,HCR,7,4,4,20,159,150,134,1063.91,134,0,50,120,12,6,0,8.63,8,1,25,3
2025-04-03,14,4,2,2025,11,SKU011,Salted Peanuts,Snacks,SNK,5,3,4,15,133,164,133,313.88,158,25,50,120,12,1,0,2.36,0,0,0,0
2025-05-28,22,5,2,2025,26,SKU026,Face Wash,Personal Care,PCR,8,2,3,11,114,113,114,1018.02,177,63,50,120,6,1,0,8.93,0,0,0,1
2025-06-04,23,6,2,2025,22,SKU022,Flavored Milk,Dairy,DAR,1,3,3,20,169,192,169,1963.1,281,112,50,120,9,5,0,13.2,12,0,0,2
2025-12-16,51,12,4,2025,12,SKU012,Chocolate Cookies,Snacks,SNK,2,1,2,17,194,172,194,1994.32,294,100,50,120,6,1,0,10.28,0,0,0,0
2025-06-04,23,6,2,2025,14,SKU014,Popcorn,Snacks,SNK,6,3,1,15,239,250,227,2132.89,227,0,50,120,2,2,0,10.44,10,1,12,3
2025-07-21,30,7,3,2025,3,SKU003,Mineral Water 1.5L,Beverages,BVG,8,3,2,6,194,245,124,1385.08,124,0,50,120,3,1,0,11.17,0,1,70,3
2025-01-16,3,1,1,2025,36,SKU036,Biscuits,Home Care,HCR,7,4,1,20,186,179,186,517.08,248,62,50,120,4,1,0,2.78,0,0,0,0
2025-06-26,26,6,2,2025,24,SKU024,Soap,Personal Care,PCR,2,3,4,14,89,102,89,1523.68,300,211,50,120,7,1,0,17.12,0,0,0,1
2025-04-04,14,4,2,2025,15,SKU015,Pretzels,Snacks,SNK,8,1,3,6,165,180,165,2501.8,262,97,50,120,14,5,0,17.23,12,0,0,2
2025-03-18,12,3,1,2025,25,SKU025,Toothpaste,Personal Care,PCR,2,1,4,12,117,110,117,1883.14,175,58,50,120,9,5,0,18.29,12,0,0,0
2025-06-14,24,6,2,2025,16,SKU016,Corn Chips,Dairy,DAR,8,5,3,9,159,148,159,2465.14,306,147,50,120,12,3,0,18.24,15,0,0,2
2025-12-30,1,12,4,2025,40,SKU040,Tea Pack,Home Care,HCR,3,3,4,12,139,160,139,849.29,258,119,50,120,12,1,4,6.11,0,0,0,3
2025-02-04,6,2,1,2025,19,SKU019,Butter 200g,Dairy,DAR,2,1,1,16,212,249,212,2425.49,317,105,50,120,4,3,0,13.46,15,0,0,2
2025-01-25,4,1,1,2025,36,SKU036,Biscuits,Home Care,HCR,2,4,2,10,229,216,229,2635.61,253,24,50,120,6,6,0,12.51,8,0,0,0
2025-10-18,42,10,4,2025,27,SKU027,Body Lotion,Personal Care,PCR,6,4,1,9,218,227,218,2408.46,261,43,50,120,10,4,0,13.81,20,0,0,0
2025-12-01,49,12,4,2025,28,SKU028,Hand Wash,Personal Care,PCR,3,5,3,10,188,216,188,761.4,326,138,50,120,10,1,0,4.05,0,0,0,1
2025-05-11,19,5,2,2025,3,SKU003,Mineral Water 1.5L,Beverages,BVG,5,4,4,18,198,228,198,2433.42,344,146,50,120,10,1,0,12.29,0,0,0,3
2025-02-05,6,2,1,2025,6,SKU006,Lemon Soda 330ml,Beverages,BVG,4,1,3,1,99,100,99,1392.93,247,148,50,120,11,1,0,14.07,0,0,0,2
2025-05-22,21,5,2,2025,6,SKU006,Lemon Soda 330ml,Beverages,BVG,2,4,2,12,191,189,139,1467.42,139,0,50,120,6,2,0,11.73,10,1,52,0
2025-11-04,45,11,4,2025,37,SKU037,Fruit Jam,Home Care,HCR,7,3,3,17,118,114,118,849.6,174,56,50,120,14,4,0,9,20,0,0,2
2025-10-07,41,10,4,2025,9,SKU009,Potato Chips,Snacks,SNK,2,4,1,7,83,85,83,1144.57,306,223,50,120,13,1,0,13.79,0,0,0,2
2025-09-14,37,9,3,2025,37,SKU037,Fruit Jam,Home Care,HCR,3,2,3,5,87,78,87,672.51,135,48,50,120,7,1,0,7.73,0,0,0,1
2025-10-08,41,10,4,2025,11,SKU011,Salted Peanuts,Snacks,SNK,4,3,4,18,105,132,105,1833.3,243,138,50,120,2,1,0,17.46,0,0,0,0
2025-02-01,5,2,1,2025,19,SKU019,Butter 200g,Dairy,DAR,2,5,2,15,87,100,87,746.46,219,132,50,120,10,1,0,8.58,0,0,0,3
2025-10-11,41,10,4,2025,27,SKU027,Body Lotion,Personal Care,PCR,2,4,4,2,252,220,172,796.36,172,0,50,120,2,1,0,4.63,0,1,80,3
2025-03-12,11,3,1,2025,30,SKU030,Dishwashing Liquid,Personal Care,PCR,7,1,4,14,105,111,105,561.96,338,233,50,120,13,4,0,6.69,20,0,0,3
2025-06-17,25,6,2,2025,34,SKU034,Floor Cleaner,Home Care,HCR,3,5,3,7,179,225,179,971.97,251,72,50,120,13,1,0,5.43,0,0,0,2
2025-01-21,4,1,1,2025,13,SKU013,Nachos,Snacks,SNK,2,3,4,14,200,164,200,1174,230,30,50,120,12,1,0,5.87,0,0,0,2
2025-05-30,22,5,2,2025,4,SKU004,Energy Drink 250ml,Beverages,BVG,5,1,4,5,241,237,229,2196.11,229,0,50,120,7,1,0,9.59,0,1,12,1
2025-11-10,46,11,4,2025,40,SKU040,Tea Pack,Home Care,HCR,3,4,2,19,187,159,187,1200.54,324,137,50,120,14,1,0,6.42,0,0,0,2
2025-02-12,7,2,1,2025,28,SKU028,Hand Wash,Personal Care,PCR,2,3,4,12,245,233,245,2310.84,288,43,50,120,3,4,0,11.79,20,0,0,0
2025-02-15,7,2,1,2025,35,SKU035,Cereal,Home Care,HCR,5,1,2,5,91,101,91,1808.17,215,124,50,120,3,1,0,19.87,0,0,0,4
2025-05-02,18,5,2,2025,28,SKU028,Hand Wash,Personal Care,PCR,4,3,3,20,252,241,126,2018.17,126,0,50,120,6,6,0,17.41,8,1,126,4
2025-06-10,24,6,2,2025,10,SKU010,Cheese Crackers,Snacks,SNK,2,3,4,19,199,190,199,1383.05,246,47,50,120,11,1,0,6.95,0,0,0,2
2025-10-23,43,10,4,2025,18,SKU018,Yogurt Cup,Dairy,DAR,6,1,1,5,92,108,92,398.27,285,193,50,120,9,2,0,4.81,10,0,0,4
2025-11-30,48,11,4,2025,31,SKU031,Surface Cleaner,Personal Care,PCR,3,1,1,18,113,127,113,698.34,132,19,50,120,9,1,0,6.18,0,0,0,2
2025-02-27,9,2,1,2025,14,SKU014,Popcorn,Snacks,SNK,1,4,3,2,154,172,154,411.18,262,108,50,120,6,1,0,2.67,0,0,0,1
2025-12-03,49,12,4,2025,3,SKU003,Mineral Water 1.5L,Beverages,BVG,1,2,2,19,169,215,169,757.12,290,121,50,120,10,4,0,5.6,20,0,0,0
2025-07-19,29,7,3,2025,11,SKU011,Salted Peanuts,Snacks,SNK,7,5,2,1,142,116,142,2817.28,148,6,50,120,8,1,0,19.84,0,0,0,3
2025-01-22,4,1,1,2025,10,SKU010,Cheese Crackers,Snacks,SNK,8,2,1,15,173,187,173,579.55,323,150,50,120,4,1,0,3.35,0,0,0,3
2025-12-20,51,12,4,2025,6,SKU006,Lemon Soda 330ml,Beverages,BVG,1,4,3,17,117,104,117,1221.48,195,78,50,120,11,1,0,10.44,0,0,0,4
2025-11-04,45,11,4,2025,32,SKU032,Toilet Cleaner,Home Care,HCR,1,4,4,13,240,219,157,1270.13,157,0,50,120,6,1,0,8.09,0,1,83,3
2025-12-02,49,12,4,2025,24,SKU024,Soap,Personal Care,PCR,3,1,1,19,127,143,127,1309.62,238,111,50,120,5,4,0,12.89,20,0,0,0
2025-03-10,11,3,1,2025,22,SKU022,Flavored Milk,Dairy,DAR,2,5,4,15,153,193,153,2917.71,212,59,50,120,4,1,0,19.07,0,0,0,3
2025-04-05,14,4,2,2025,17,SKU017,Milk 1L,Dairy,DAR,8,3,3,4,121,129,121,1709.73,280,159,50,120,11,2,0,15.7,10,0,0,0
2025-09-27,39,9,3,2025,2,SKU002,Orange Juice 1L,Beverages,BVG,8,2,2,11,124,123,124,1319.36,171,47,50,120,11,1,0,10.64,0,0,0,4
2025-05-04,18,5,2,2025,21,SKU021,Cream 250ml,Dairy,DAR,4,4,4,16,156,165,123,1174.65,123,0,50,120,7,1,0,9.55,0,1,33,3
2025-01-07,2,1,1,2025,15,SKU015,Pretzels,Snacks,SNK,2,1,2,12,171,163,162,926.64,162,0,50,120,4,1,0,5.72,0,1,9,0
2025-09-22,39,9,3,2025,3,SKU003,Mineral Water 1.5L,Beverages,BVG,8,5,2,20,139,158,139,1043.89,290,151,50,120,3,1,0,7.51,0,0,0,0
2025-12-05,49,12,4,2025,40,SKU040,Tea Pack,Home Care,HCR,3,5,2,14,99,106,99,1524.6,260,161,50,120,4,1,0,15.4,0,0,0,0
2025-12-27,52,12,4,2025,39,SKU039,Rice,Home Care,HCR,1,5,3,3,130,125,130,2168.01,192,62,50,120,11,3,4,19.62,15,0,0,3
2025-05-16,20,5,2,2025,30,SKU030,Dishwashing Liquid,Personal Care,PCR,3,1,3,12,188,222,188,3212.92,242,54,50,120,10,1,0,17.09,0,0,0,0
2025-03-08,10,3,1,2025,5,SKU005,Iced Tea 500ml,Beverages,BVG,1,1,2,12,73,90,73,1134.42,169,96,50,120,7,1,0,15.54,0,0,0,0
2025-09-16,38,9,3,2025,40,SKU040,Tea Pack,Home Care,HCR,2,2,4,3,144,166,144,2789.28,319,175,50,120,5,1,0,19.37,0,0,0,4
2025-12-08,50,12,4,2025,40,SKU040,Tea Pack,Home Care,HCR,1,3,1,12,106,117,106,586.18,304,198,50,120,11,1,0,5.53,0,0,0,2
2025-02-14,7,2,1,2025,1,SKU001,Cola 500ml,Beverages,BVG,7,5,3,5,160,153,160,2980.8,181,21,50,120,5,1,0,18.63,0,0,0,2
2025-01-09,2,1,1,2025,19,SKU019,Butter 200g,Dairy,DAR,8,5,1,17,186,210,121,1281.39,121,0,50,120,4,1,0,10.59,0,1,65,2
2025-10-29,44,10,4,2025,27,SKU027,Body Lotion,Personal Care,PCR,1,3,3,18,211,222,211,2495.29,349,138,50,120,14,2,0,13.14,10,0,0,0
2025-11-20,47,11,4,2025,27,SKU027,Body Lotion,Personal Care,PCR,8,1,2,16,240,260,240,1384.32,314,74,50,120,4,4,0,7.21,20,0,0,2
2025-05-16,20,5,2,2025,3,SKU003,Mineral Water 1.5L,Beverages,BVG,1,5,2,15,237,298,237,1329.57,334,97,50,120,8,3,0,6.6,15,0,0,2
2025-10-21,43,10,4,2025,39,SKU039,Rice,Home Care,HCR,4,3,4,6,206,219,206,2331.92,247,41,50,120,7,1,0,11.32,0,0,0,2
2025-12-19,51,12,4,2025,34,SKU034,Floor Cleaner,Home Care,HCR,7,2,3,15,103,129,103,754.99,233,130,50,120,2,1,0,7.33,0,0,0,0
2025-05-27,22,5,2,2025,38,SKU038,Cooking Oil,Home Care,HCR,3,3,4,12,130,109,130,1222,324,194,50,120,10,1,0,9.4,0,0,0,3
2025-12-07,49,12,4,2025,15,SKU015,Pretzels,Snacks,SNK,5,4,1,3,206,244,142,273.04,142,0,50,120,14,6,0,2.09,8,1,64,1
2025-10-14,42,10,4,2025,21,SKU021,Cream 250ml,Dairy,DAR,2,1,1,19,159,154,159,1680.76,333,174,50,120,5,6,0,11.49,8,0,0,2
2025-04-27,17,4,2,2025,12,SKU012,Chocolate Cookies,Snacks,SNK,4,4,1,1,159,170,159,702.78,165,6,50,120,10,1,0,4.42,0,0,0,0
2025-03-01,9,3,1,2025,8,SKU008,Sparkling Water 500ml,Snacks,SNK,6,5,1,20,124,109,124,1920.76,208,84,50,120,10,1,0,15.49,0,0,0,3
2025-09-19,38,9,3,2025,20,SKU020,Cheese Slices,Dairy,DAR,6,1,2,19,197,161,197,1738.09,288,91,50,120,10,6,0,9.59,8,0,0,0
2025-05-28,22,5,2,2025,26,SKU026,Face Wash,Personal Care,PCR,7,3,4,5,144,175,144,2568.96,242,98,50,120,10,1,0,17.84,0,0,0,4
2025-12-17,51,12,4,2025,19,SKU019,Butter 200g,Dairy,DAR,1,2,2,12,199,167,199,705.73,282,83,50,120,2,5,0,4.03,12,0,0,4
2025-06-13,24,6,2,2025,35,SKU035,Cereal,Home Care,HCR,1,5,3,16,202,179,175,1777.44,175,0,50,120,11,6,0,11.04,8,1,27,1
2025-03-05,10,3,1,2025,3,SKU003,Mineral Water 1.5L,Beverages,BVG,1,5,4,8,110,97,110,1802.9,343,233,50,120,12,1,0,16.39,0,0,0,4
2025-06-03,23,6,2,2025,12,SKU012,Chocolate Cookies,Snacks,SNK,1,5,1,14,152,169,152,908.96,213,61,50,120,12,1,0,5.98,0,0,0,1
2025-12-08,50,12,4,2025,6,SKU006,Lemon Soda 330ml,Beverages,BVG,3,1,3,20,202,195,174,1559.04,174,0,50,120,14,1,0,8.96,0,1,28,4
2025-04-17,16,4,2,2025,21,SKU021,Cream 250ml,Dairy,DAR,4,4,1,13,209,213,187,1309,187,0,50,120,10,1,0,7,0,1,22,1
2025-04-18,16,4,2,2025,36,SKU036,Biscuits,Home Care,HCR,1,5,1,2,95,94,95,971.85,296,201,50,120,12,1,0,10.23,0,0,0,3
2025-03-03,10,3,1,2025,14,SKU014,Popcorn,Snacks,SNK,8,2,3,12,200,205,200,3279.3,245,45,50,120,10,3,0,19.29,15,0,0,4
2025-06-12,24,6,2,2025,1,SKU001,Cola 500ml,Beverages,BVG,6,2,4,20,197,222,197,784.06,344,147,50,120,8,1,0,3.98,0,0,0,3
2025-06-29,26,6,2,2025,4,SKU004,Energy Drink 250ml,Beverages,BVG,6,2,1,2,288,266,288,2442.24,316,28,50,120,5,1,0,8.48,0,0,0,2
2025-06-24,26,6,2,2025,34,SKU034,Floor Cleaner,Home Care,HCR,4,3,1,11,248,230,248,2051.46,288,40,50,120,6,5,0,9.4,12,0,0,0
2025-04-18,16,4,2,2025,27,SKU027,Body Lotion,Personal Care,PCR,1,5,2,2,161,189,161,633.62,223,62,50,120,3,3,0,4.63,15,0,0,2
2025-08-05,32,8,3,2025,2,SKU002,Orange Juice 1L,Beverages,BVG,3,2,2,8,189,183,189,3313.55,317,128,50,120,3,2,0,19.48,10,0,0,0
2025-10-10,41,10,4,2025,40,SKU040,Tea Pack,Home Care,HCR,3,1,2,5,135,146,135,410.81,322,187,50,120,3,3,0,3.58,15,0,0,3
2025-11-15,46,11,4,2025,30,SKU030,Dishwashing Liquid,Personal Care,PCR,6,1,1,4,98,126,98,1283.41,193,95,50,120,10,4,0,16.37,20,0,0,1
2025-09-17,38,9,3,2025,6,SKU006,Lemon Soda 330ml,Beverages,BVG,2,2,2,2,159,146,159,2339.45,325,166,50,120,11,3,0,17.31,15,0,0,3
2025-05-12,20,5,2,2025,15,SKU015,Pretzels,Snacks,SNK,8,3,4,1,231,224,170,1116.9,170,0,50,120,4,1,0,6.57,0,1,61,4
2025-07-04,27,7,3,2025,17,SKU017,Milk 1L,Dairy,DAR,8,4,1,7,148,132,148,2003.09,286,138,50,120,10,5,0,15.38,12,0,0,3
2025-07-31,31,7,3,2025,38,SKU038,Cooking Oil,Home Care,HCR,8,2,2,3,203,166,203,3136.35,324,121,50,120,10,1,0,15.45,0,0,0,1
2025-02-20,8,2,1,2025,29,SKU029,Laundry Detergent,Personal Care,PCR,2,3,1,1,235,203,235,2438.36,300,65,50,120,11,4,0,12.97,20,0,0,1
2025-07-27,30,7,3,2025,29,SKU029,Laundry Detergent,Personal Care,PCR,3,2,2,7,196,184,196,1956.86,265,69,50,120,3,4,0,12.48,20,0,0,2
2025-12-28,52,12,4,2025,2,SKU002,Orange Juice 1L,Beverages,BVG,2,3,1,1,195,177,195,2242.6,197,2,50,120,12,3,4,13.53,15,0,0,2
2025-10-01,40,10,4,2025,38,SKU038,Cooking Oil,Home Care,HCR,2,5,3,17,184,171,184,2707.3,342,158,50,120,5,5,0,16.72,12,0,0,1
2025-04-01,14,4,2,2025,1,SKU001,Cola 500ml,Beverages,BVG,7,4,1,3,176,176,176,925.76,262,86,50,120,8,1,0,5.26,0,0,0,0
2025-01-12,2,1,1,2025,34,SKU034,Floor Cleaner,Home Care,HCR,4,1,1,7,117,119,117,916.11,254,137,50,120,12,1,0,7.83,0,0,0,1
2025-07-27,30,7,3,2025,26,SKU026,Face Wash,Personal Care,PCR,3,1,1,19,223,208,223,637.78,323,100,50,120,10,1,0,2.86,0,0,0,4
2025-01-14,3,1,1,2025,3,SKU003,Mineral Water 1.5L,Beverages,BVG,8,3,4,10,124,118,124,1552.54,184,60,50,120,10,3,0,14.73,15,0,0,4
2025-07-13,28,7,3,2025,9,SKU009,Potato Chips,Snacks,SNK,5,4,1,13,174,168,147,1349.46,147,0,50,120,2,1,0,9.18,0,1,27,1
2025-05-05,19,5,2,2025,35,SKU035,Cereal,Home Care,HCR,2,1,1,4,111,97,111,833.17,199,88,50,120,7,2,0,8.34,10,0,0,4
2025-02-04,6,2,1,2025,9,SKU009,Potato Chips,Snacks,SNK,6,3,2,1,185,235,168,2482.23,168,0,50,120,3,6,0,16.06,8,1,17,0
2025-09-25,39,9,3,2025,36,SKU036,Biscuits,Home Care,HCR,4,3,2,11,189,220,189,1564.92,265,76,50,120,14,1,0,8.28,0,0,0,3
2025-08-03,31,8,3,2025,13,SKU013,Nachos,Snacks,SNK,8,3,4,19,130,121,130,612.35,320,190,50,120,13,6,0,5.12,8,0,0,3
2025-09-10,37,9,3,2025,14,SKU014,Popcorn,Snacks,SNK,6,3,4,18,179,151,179,2409.34,222,43,50,120,4,1,0,13.46,0,0,0,4
2025-07-02,27,7,3,2025,23,SKU023,Shampoo,Dairy,DAR,8,3,4,20,217,230,217,1835.82,264,47,50,120,7,1,0,8.46,0,0,0,0
2025-10-09,41,10,4,2025,8,SKU008,Sparkling Water 500ml,Snacks,SNK,7,3,1,20,167,202,167,2481.62,217,50,50,120,6,1,0,14.86,0,0,0,1
2025-10-30,44,10,4,2025,15,SKU015,Pretzels,Snacks,SNK,2,4,4,11,134,174,134,2197.6,303,169,50,120,2,1,0,16.4,0,0,0,2
2025-07-28,31,7,3,2025,21,SKU021,Cream 250ml,Dairy,DAR,4,3,4,12,187,156,187,3220.14,297,110,50,120,9,1,0,17.22,0,0,0,0
2025-08-03,31,8,3,2025,27,SKU027,Body Lotion,Personal Care,PCR,7,5,4,3,71,85,71,1363.2,282,211,50,120,3,1,0,19.2,0,0,0,2
2025-09-23,39,9,3,2025,25,SKU025,Toothpaste,Personal Care,PCR,3,3,3,11,94,101,94,1687.77,213,119,50,120,11,2,0,19.95,10,0,0,2
2025-01-10,2,1,1,2025,9,SKU009,Potato Chips,Snacks,SNK,4,1,4,14,131,113,131,665.27,146,15,50,120,5,6,0,5.52,8,0,0,1
2025-03-04,10,3,1,2025,5,SKU005,Iced Tea 500ml,Beverages,BVG,3,1,4,1,192,194,153,564.57,153,0,50,120,4,1,0,3.69,0,1,39,3
2025-04-16,16,4,2,2025,6,SKU006,Lemon Soda 330ml,Beverages,BVG,4,5,1,11,145,142,145,2260.26,252,107,50,120,12,2,0,17.32,10,0,0,0
2025-01-26,4,1,1,2025,21,SKU021,Cream 250ml,Dairy,DAR,1,3,2,19,133,115,133,284.41,230,97,50,120,11,5,0,2.43,12,0,0,3
2025-06-23,26,6,2,2025,38,SKU038,Cooking Oil,Home Care,HCR,4,1,3,8,126,160,126,2368.8,301,175,50,120,4,1,0,18.8,0,0,0,0
2025-10-17,42,10,4,2025,36,SKU036,Biscuits,Home Care,HCR,5,3,3,20,184,222,148,851.67,148,0,50,120,12,3,0,6.77,15,1,36,4
2025-08-12,33,8,3,2025,30,SKU030,Dishwashing Liquid,Personal Care,PCR,5,2,2,1,178,181,135,2419.2,135,0,50,120,4,1,0,17.92,0,1,43,2
2025-03-21,12,3,1,2025,7,SKU007,Mango Juice 1L,Beverages,BVG,3,4,2,14,89,99,89,1334.11,314,225,50,120,6,1,0,14.99,0,0,0,3
2025-12-03,49,12,4,2025,38,SKU038,Cooking Oil,Home Care,HCR,2,4,4,1,183,214,183,2444.88,314,131,50,120,4,1,0,13.36,0,0,0,1
2025-01-10,2,1,1,2025,6,SKU006,Lemon Soda 330ml,Beverages,BVG,8,1,4,20,134,149,134,1412.36,254,120,50,120,14,1,0,10.54,0,0,0,0
2025-07-24,30,7,3,2025,23,SKU023,Shampoo,Dairy,DAR,3,4,1,5,217,234,217,2644.36,324,107,50,120,3,2,0,13.54,10,0,0,2
2025-05-18,20,5,2,2025,20,SKU020,Cheese Slices,Dairy,DAR,1,3,3,13,185,191,185,494.91,282,97,50,120,6,5,0,3.04,12,0,0,0
2025-07-09,28,7,3,2025,9,SKU009,Potato Chips,Snacks,SNK,7,5,4,5,222,199,222,1587.3,312,90,50,120,7,1,0,7.15,0,0,0,1
2025-09-15,38,9,3,2025,36,SKU036,Biscuits,Home Care,HCR,2,3,2,19,97,116,97,1305.62,218,121,50,120,9,1,0,13.46,0,0,0,2
2025-01-15,3,1,1,2025,32,SKU032,Toilet Cleaner,Home Care,HCR,5,5,3,11,144,177,144,1545.12,178,34,50,120,10,1,0,10.73,0,0,0,1
2025-05-22,21,5,2,2025,3,SKU003,Mineral Water 1.5L,Beverages,BVG,7,3,1,8,167,153,167,2353.7,257,90,50,120,9,2,0,15.66,10,0,0,4
2025-01-03,1,1,1,2025,38,SKU038,Cooking Oil,Home Care,HCR,2,2,4,7,120,120,120,2384.4,247,127,50,120,12,1,1,19.87,0,0,0,2
2025-01-28,5,1,1,2025,1,SKU001,Cola 500ml,Beverages,BVG,1,3,2,13,165,192,165,539.55,195,30,50,120,4,1,0,3.27,0,0,0,2
2025-04-26,17,4,2,2025,31,SKU031,Surface Cleaner,Personal Care,PCR,2,1,1,4,191,206,191,2198.41,292,101,50,120,8,1,0,11.51,0,0,0,2
2025-09-05,36,9,3,2025,12,SKU012,Chocolate Cookies,Snacks,SNK,2,4,2,16,187,181,187,3629.67,301,114,50,120,11,1,0,19.41,0,0,0,1
2025-01-11,2,1,1,2025,6,SKU006,Lemon Soda 330ml,Beverages,BVG,2,5,3,1,115,140,115,278.3,298,183,50,120,3,5,0,2.75,12,0,0,2
2025-06-14,24,6,2,2025,8,SKU008,Sparkling Water 500ml,Snacks,SNK,6,2,4,12,181,159,181,1324.92,278,97,50,120,14,1,0,7.32,0,0,0,1
2025-04-12,15,4,2,2025,19,SKU019,Butter 200g,Dairy,DAR,8,2,1,13,214,220,214,2963.04,326,112,50,120,6,6,0,15.05,8,0,0,3
2025-07-04,27,7,3,2025,21,SKU021,Cream 250ml,Dairy,DAR,3,1,3,17,154,141,154,2521.13,256,102,50,120,6,3,0,19.26,15,0,0,2
2025-01-01,1,1,1,2025,18,SKU018,Yogurt Cup,Dairy,DAR,1,3,4,3,102,86,102,1500.42,124,22,50,120,4,1,1,14.71,0,0,0,4
2025-12-19,51,12,4,2025,21,SKU021,Cream 250ml,Dairy,DAR,8,3,2,13,120,126,120,1471.2,241,121,50,120,12,1,0,12.26,0,0,0,3
2025-01-03,1,1,1,2025,25,SKU025,Toothpaste,Personal Care,PCR,1,5,3,17,116,120,116,1845.61,230,114,50,120,3,5,1,18.08,12,0,0,4
2025-04-20,16,4,2,2025,28,SKU028,Hand Wash,Personal Care,PCR,4,5,2,7,229,217,227,2744.16,227,0,50,120,11,6,0,13.14,8,1,2,3
2025-08-25,35,8,3,2025,30,SKU030,Dishwashing Liquid,Personal Care,PCR,4,2,2,2,191,180,191,3753.15,229,38,50,120,8,1,0,19.65,0,0,0,4
2025-11-02,44,11,4,2025,12,SKU012,Chocolate Cookies,Snacks,SNK,8,5,1,9,198,181,198,2872.88,214,16,50,120,5,3,0,17.07,15,0,0,0
2025-06-08,23,6,2,2025,23,SKU023,Shampoo,Dairy,DAR,7,4,4,13,221,229,221,3506.47,316,95,50,120,9,5,0,18.03,12,0,0,1
2025-07-05,27,7,3,2025,18,SKU018,Yogurt Cup,Dairy,DAR,1,2,1,18,165,171,165,749.76,225,60,50,120,10,4,0,5.68,20,0,0,4
2025-06-03,23,6,2,2025,5,SKU005,Iced Tea 500ml,Beverages,BVG,5,1,4,6,167,185,167,2485.9,247,80,50,120,2,6,0,16.18,8,0,0,2
2025-12-27,52,12,4,2025,15,SKU015,Pretzels,Snacks,SNK,6,2,4,7,106,117,106,713.38,304,198,50,120,2,1,4,6.73,0,0,0,4
2025-02-09,6,2,1,2025,8,SKU008,Sparkling Water 500ml,Snacks,SNK,7,5,4,12,189,191,189,408.24,228,39,50,120,5,1,0,2.16,0,0,0,3
2025-11-02,44,11,4,2025,25,SKU025,Toothpaste,Personal Care,PCR,8,2,3,7,123,118,123,2114.37,332,209,50,120,6,1,0,17.19,0,0,0,0
2025-01-20,4,1,1,2025,26,SKU026,Face Wash,Personal Care,PCR,5,1,3,3,181,173,181,737.03,295,114,50,120,12,4,0,5.09,20,0,0,2
2025-07-01,27,7,3,2025,3,SKU003,Mineral Water 1.5L,Beverages,BVG,2,2,1,11,279,315,268,2351.97,268,0,50,120,12,4,0,10.97,20,1,11,2
2025-02-03,6,2,1,2025,24,SKU024,Soap,Personal Care,PCR,2,3,1,15,104,122,104,1543.36,224,120,50,120,11,1,0,14.84,0,0,0,2
2025-09-19,38,9,3,2025,32,SKU032,Toilet Cleaner,Home Care,HCR,7,5,3,12,238,223,238,1765.96,322,84,50,120,7,1,0,7.42,0,0,0,3
2025-07-25,30,7,3,2025,36,SKU036,Biscuits,Home Care,HCR,4,3,1,19,128,113,128,1542.04,168,40,50,120,11,5,0,13.69,12,0,0,1
2025-03-01,9,3,1,2025,33,SKU033,Fabric Softener,Home Care,HCR,4,5,3,11,154,140,154,828.83,335,181,50,120,14,2,0,5.98,10,0,0,2
2025-07-21,30,7,3,2025,32,SKU032,Toilet Cleaner,Home Care,HCR,7,5,2,10,156,155,156,499.7,245,89,50,120,10,5,0,3.64,12,0,0,3
2025-10-24,43,10,4,2025,21,SKU021,Cream 250ml,Dairy,DAR,5,4,3,10,247,207,247,3803.8,247,0,50,120,11,1,0,15.4,0,0,0,0
2025-05-08,19,5,2,2025,23,SKU023,Shampoo,Dairy,DAR,2,5,1,16,199,183,199,3168.08,344,145,50,120,14,1,0,15.92,0,0,0,3
2025-07-30,31,7,3,2025,26,SKU026,Face Wash,Personal Care,PCR,2,4,1,9,113,128,113,1817.22,257,144,50,120,9,6,0,17.48,8,0,0,4
2025-01-27,5,1,1,2025,14,SKU014,Popcorn,Snacks,SNK,2,5,1,7,74,80,74,359.64,328,254,50,120,11,1,0,4.86,0,0,0,4
2025-01-29,5,1,1,2025,5,SKU005,Iced Tea 500ml,Beverages,BVG,3,2,3,15,115,124,115,288.65,313,198,50,120,7,1,0,2.51,0,0,0,3
2025-09-17,38,9,3,2025,33,SKU033,Fabric Softener,Home Care,HCR,3,4,2,15,204,223,204,616.08,330,126,50,120,14,1,0,3.02,0,0,0,1
2025-03-01,9,3,1,2025,3,SKU003,Mineral Water 1.5L,Beverages,BVG,8,2,1,11,214,189,141,541.72,141,0,50,120,8,3,0,4.52,15,1,73,0
2025-09-20,38,9,3,2025,16,SKU016,Corn Chips,Dairy,DAR,3,2,3,7,103,110,103,679.8,128,25,50,120,7,1,0,6.6,0,0,0,1
2025-12-20,51,12,4,2025,5,SKU005,Iced Tea 500ml,Beverages,BVG,3,4,3,20,201,198,194,3034.16,194,0,50,120,2,1,0,15.64,0,1,7,2
2025-02-08,6,2,1,2025,24,SKU024,Soap,Personal Care,PCR,2,3,3,4,120,132,120,1712.88,333,213,50,120,8,2,0,15.86,10,0,0,4
2025-12-20,51,12,4,2025,26,SKU026,Face Wash,Personal Care,PCR,3,2,1,13,160,198,160,1464,296,136,50,120,3,1,0,9.15,0,0,0,2
2025-10-06,41,10,4,2025,7,SKU007,Mango Juice 1L,Beverages,BVG,7,1,2,14,178,194,178,2165.9,317,139,50,120,11,4,0,15.21,20,0,0,4
2025-06-27,26,6,2,2025,15,SKU015,Pretzels,Snacks,SNK,3,3,2,17,218,173,196,2478.54,196,0,50,120,13,5,0,14.37,12,1,22,0
2025-06-11,24,6,2,2025,25,SKU025,Toothpaste,Personal Care,PCR,8,1,3,16,119,99,119,1111.46,191,72,50,120,11,1,0,9.34,0,0,0,2
2025-04-14,16,4,2,2025,35,SKU035,Cereal,Home Care,HCR,2,2,3,6,289,265,128,1491.65,128,0,50,120,8,3,0,13.71,15,1,161,0
2025-07-24,30,7,3,2025,30,SKU030,Dishwashing Liquid,Personal Care,PCR,2,5,1,4,114,112,114,1702.7,294,180,50,120,13,4,0,18.67,20,0,0,2
2025-04-11,15,4,2,2025,34,SKU034,Floor Cleaner,Home Care,HCR,5,4,4,3,197,231,197,2314.16,290,93,50,120,10,3,0,13.82,15,0,0,2
2025-07-29,31,7,3,2025,21,SKU021,Cream 250ml,Dairy,DAR,2,3,1,7,209,184,156,1576.61,156,0,50,120,8,3,0,11.89,15,1,53,0
2025-03-17,12,3,1,2025,22,SKU022,Flavored Milk,Dairy,DAR,3,5,4,13,155,141,155,1259.68,260,105,50,120,11,2,0,9.03,10,0,0,1
2025-06-21,25,6,2,2025,1,SKU001,Cola 500ml,Beverages,BVG,1,1,4,10,126,126,126,1227.24,350,224,50,120,8,1,0,9.74,0,0,0,3
2025-09-10,37,9,3,2025,26,SKU026,Face Wash,Personal Care,PCR,6,2,1,9,96,106,96,532.8,202,106,50,120,7,1,0,5.55,0,0,0,2
2025-09-24,39,9,3,2025,39,SKU039,Rice,Home Care,HCR,1,5,2,16,276,246,276,3100.36,304,28,50,120,4,6,0,12.21,8,0,0,3
2025-01-28,5,1,1,2025,5,SKU005,Iced Tea 500ml,Beverages,BVG,1,3,1,12,175,169,175,1174.95,272,97,50,120,8,2,0,7.46,10,0,0,2
2025-06-20,25,6,2,2025,12,SKU012,Chocolate Cookies,Snacks,SNK,6,5,1,12,159,153,159,735.53,185,26,50,120,13,2,0,5.14,10,0,0,4
2025-08-25,35,8,3,2025,1,SKU001,Cola 500ml,Beverages,BVG,8,4,2,19,136,148,136,2121.6,227,91,50,120,4,1,0,15.6,0,0,0,4
2025-01-26,4,1,1,2025,22,SKU022,Flavored Milk,Dairy,DAR,2,3,3,15,108,123,108,826.2,316,208,50,120,7,1,0,7.65,0,0,0,4
2025-05-15,20,5,2,2025,30,SKU030,Dishwashing Liquid,Personal Care,PCR,3,2,2,10,188,200,188,1710.05,228,40,50,120,2,4,0,11.37,20,0,0,0
2025-10-19,42,10,4,2025,25,SKU025,Toothpaste,Personal Care,PCR,2,4,3,1,259,230,259,2965.03,259,0,50,120,14,4,0,14.31,20,0,0,1
2025-10-11,41,10,4,2025,22,SKU022,Flavored Milk,Dairy,DAR,2,5,2,13,114,122,114,1286.83,208,94,50,120,7,4,0,14.11,20,0,0,3
2025-07-13,28,7,3,2025,12,SKU012,Chocolate Cookies,Snacks,SNK,2,5,1,14,166,176,166,627.48,199,33,50,120,12,1,0,3.78,0,0,0,3
2025-11-12,46,11,4,2025,35,SKU035,Cereal,Home Care,HCR,1,3,3,7,207,191,207,2558.52,344,137,50,120,4,1,0,12.36,0,0,0,0
2025-07-27,30,7,3,2025,23,SKU023,Shampoo,Dairy,DAR,5,2,3,15,74,79,74,348.54,133,59,50,120,8,1,0,4.71,0,0,0,1
2025-08-02,31,8,3,2025,21,SKU021,Cream 250ml,Dairy,DAR,7,3,2,2,119,121,119,1763.58,248,129,50,120,4,1,0,14.82,0,0,0,2
2025-10-19,42,10,4,2025,33,SKU033,Fabric Softener,Home Care,HCR,3,1,3,8,149,178,149,788.21,150,1,50,120,3,1,0,5.29,0,0,0,4
2025-10-07,41,10,4,2025,9,SKU009,Potato Chips,Snacks,SNK,2,5,3,13,122,139,122,935.74,135,13,50,120,9,1,0,7.67,0,0,0,2
2025-10-17,42,10,4,2025,8,SKU008,Sparkling Water 500ml,Snacks,SNK,8,5,4,4,142,172,142,1800.7,207,65,50,120,12,2,0,14.09,10,0,0,2
2025-09-01,36,9,3,2025,9,SKU009,Potato Chips,Snacks,SNK,8,4,4,3,173,178,173,2338.61,254,81,50,120,7,2,0,15.02,10,0,0,1
2025-05-12,20,5,2,2025,37,SKU037,Fruit Jam,Home Care,HCR,1,4,4,10,215,219,127,2164.84,127,0,50,120,14,2,0,18.94,10,1,88,4
2025-09-16,38,9,3,2025,28,SKU028,Hand Wash,Personal Care,PCR,3,2,1,19,94,89,94,256.85,232,138,50,120,6,6,0,2.97,8,0,0,4
2025-07-15,29,7,3,2025,7,SKU007,Mango Juice 1L,Beverages,BVG,2,1,4,4,232,235,232,2616.84,332,100,50,120,5,3,0,13.27,15,0,0,0
2025-05-25,21,5,2,2025,20,SKU020,Cheese Slices,Dairy,DAR,5,5,3,3,193,218,146,1801.64,146,0,50,120,9,1,0,12.34,0,1,47,3
2025-02-20,8,2,1,2025,23,SKU023,Shampoo,Dairy,DAR,7,1,1,5,87,92,87,854.34,192,105,50,120,12,1,0,9.82,0,0,0,0
2025-04-18,16,4,2,2025,13,SKU013,Nachos,Snacks,SNK,7,4,3,12,164,156,164,2330.44,208,44,50,120,5,1,0,14.21,0,0,0,4
2025-12-21,51,12,4,2025,15,SKU015,Pretzels,Snacks,SNK,6,2,4,18,218,215,213,2138.69,213,0,50,120,9,5,4,11.41,12,1,5,2
2025-07-07,28,7,3,2025,16,SKU016,Corn Chips,Dairy,DAR,4,2,4,20,115,123,115,411.7,261,146,50,120,4,1,0,3.58,0,0,0,1
2025-02-16,7,2,1,2025,11,SKU011,Salted Peanuts,Snacks,SNK,6,5,1,2,113,100,113,1332.5,254,141,50,120,8,4,0,14.74,20,0,0,2
2025-01-08,2,1,1,2025,34,SKU034,Floor Cleaner,Home Care,HCR,6,5,4,14,203,222,203,3215.52,214,11,50,120,14,5,0,18,12,0,0,1
2025-01-11,2,1,1,2025,25,SKU025,Toothpaste,Personal Care,PCR,7,4,1,4,150,142,150,1939.5,195,45,50,120,4,1,0,12.93,0,0,0,0
2025-08-16,33,8,3,2025,27,SKU027,Body Lotion,Personal Care,PCR,8,1,4,11,210,232,146,1740.32,146,0,50,120,13,4,0,14.9,20,1,64,3
2025-01-31,5,1,1,2025,40,SKU040,Tea Pack,Home Care,HCR,2,3,1,14,126,141,126,2485.98,180,54,50,120,6,1,0,19.73,0,0,0,1
2025-04-20,16,4,2,2025,5,SKU005,Iced Tea 500ml,Beverages,BVG,1,5,1,15,188,166,188,755.01,328,140,50,120,12,4,0,5.02,20,0,0,4
2025-09-22,39,9,3,2025,12,SKU012,Chocolate Cookies,Snacks,SNK,3,1,4,1,95,101,95,1512.4,246,151,50,120,2,1,0,15.92,0,0,0,1
2025-07-27,30,7,3,2025,39,SKU039,Rice,Home Care,HCR,7,3,2,1,198,186,198,3310.56,294,96,50,120,13,1,0,16.72,0,0,0,1
2025-03-27,13,3,1,2025,24,SKU024,Soap,Personal Care,PCR,1,3,2,18,111,103,111,1081.32,148,37,50,120,8,5,0,11.07,12,0,0,1
2025-12-25,52,12,4,2025,17,SKU017,Milk 1L,Dairy,DAR,2,2,3,11,160,135,160,654.4,232,72,50,120,13,1,4,4.09,0,0,0,1
2025-03-16,11,3,1,2025,4,SKU004,Energy Drink 250ml,Beverages,BVG,2,2,2,2,187,184,171,2496.6,171,0,50,120,3,1,0,14.6,0,1,16,4
2025-11-20,47,11,4,2025,32,SKU032,Toilet Cleaner,Home Care,HCR,4,3,1,15,171,149,171,1528.74,329,158,50,120,13,1,0,8.94,0,0,0,4
2025-02-26,9,2,1,2025,40,SKU040,Tea Pack,Home Care,HCR,5,5,4,17,194,163,194,2894.48,314,120,50,120,4,1,0,14.92,0,0,0,3
2025-03-30,13,3,1,2025,15,SKU015,Pretzels,Snacks,SNK,4,2,3,14,165,191,165,3212.55,231,66,50,120,12,1,0,19.47,0,0,0,1
2025-06-07,23,6,2,2025,29,SKU029,Laundry Detergent,Personal Care,PCR,6,3,2,15,163,172,163,1080.69,183,20,50,120,2,3,0,7.8,15,0,0,3
2025-09-26,39,9,3,2025,22,SKU022,Flavored Milk,Dairy,DAR,5,5,4,8,254,264,182,2210.66,182,0,50,120,3,3,0,14.29,15,1,72,3
2025-07-31,31,7,3,2025,16,SKU016,Corn Chips,Dairy,DAR,2,5,4,9,216,196,216,3328.67,239,23,50,120,5,3,0,18.13,15,0,0,1
2025-09-16,38,9,3,2025,16,SKU016,Corn Chips,Dairy,DAR,2,3,1,11,167,201,167,3283.22,234,67,50,120,4,1,0,19.66,0,0,0,2
2025-08-04,32,8,3,2025,17,SKU017,Milk 1L,Dairy,DAR,4,2,3,12,181,183,181,3187.41,298,117,50,120,9,1,0,17.61,0,0,0,2
2025-12-29,1,12,4,2025,39,SKU039,Rice,Home Care,HCR,3,5,1,15,196,198,196,464.52,300,104,50,120,10,1,4,2.37,0,0,0,3
2025-06-12,24,6,2,2025,33,SKU033,Fabric Softener,Home Care,HCR,8,5,1,12,213,208,213,2700.84,213,0,50,120,10,4,0,15.85,20,0,0,2
2025-10-03,40,10,4,2025,10,SKU010,Cheese Crackers,Snacks,SNK,2,5,2,8,160,137,160,1955.2,332,172,50,120,6,1,0,12.22,0,0,0,2
2025-05-24,21,5,2,2025,19,SKU019,Butter 200g,Dairy,DAR,5,5,2,17,79,81,79,505.6,273,194,50,120,4,1,0,6.4,0,0,0,3
2025-02-05,6,2,1,2025,38,SKU038,Cooking Oil,Home Care,HCR,3,2,4,20,184,166,184,2857.52,306,122,50,120,5,1,0,15.53,0,0,0,2
2025-05-02,18,5,2,2025,13,SKU013,Nachos,Snacks,SNK,8,2,2,7,189,152,189,779.15,260,71,50,120,11,3,0,4.85,15,0,0,3
2025-02-23,8,2,1,2025,6,SKU006,Lemon Soda 330ml,Beverages,BVG,4,5,3,16,171,160,171,1509.76,202,31,50,120,5,2,0,9.81,10,0,0,4
2025-05-05,19,5,2,2025,31,SKU031,Surface Cleaner,Personal Care,PCR,7,5,2,14,174,182,174,2540.4,307,133,50,120,13,1,0,14.6,0,0,0,3
2025-05-13,20,5,2,2025,14,SKU014,Popcorn,Snacks,SNK,5,4,3,13,167,193,167,1305.94,341,174,50,120,10,1,0,7.82,0,0,0,1
2025-03-13,11,3,1,2025,30,SKU030,Dishwashing Liquid,Personal Care,PCR,4,2,4,18,172,157,172,940.84,179,7,50,120,10,1,0,5.47,0,0,0,2
2025-04-27,17,4,2,2025,3,SKU003,Mineral Water 1.5L,Beverages,BVG,3,2,2,18,153,156,133,509.86,133,0,50,120,8,3,0,4.51,15,1,20,3
2025-01-30,5,1,1,2025,24,SKU024,Soap,Personal Care,PCR,6,3,4,6,113,111,113,1370.69,127,14,50,120,3,1,0,12.13,0,0,0,3
2025-08-10,32,8,3,2025,14,SKU014,Popcorn,Snacks,SNK,8,2,1,6,87,105,87,503.47,178,91,50,120,13,2,0,6.43,10,0,0,4
2025-08-12,33,8,3,2025,27,SKU027,Body Lotion,Personal Care,PCR,5,3,1,5,168,185,168,2970.24,283,115,50,120,8,1,0,17.68,0,0,0,1
2025-06-09,24,6,2,2025,8,SKU008,Sparkling Water 500ml,Snacks,SNK,7,3,3,6,210,192,210,812.7,260,50,50,120,2,1,0,3.87,0,0,0,3
2025-06-21,25,6,2,2025,12,SKU012,Chocolate Cookies,Snacks,SNK,7,3,4,8,121,112,121,470.69,297,176,50,120,12,1,0,3.89,0,0,0,3
2025-02-09,6,2,1,2025,30,SKU030,Dishwashing Liquid,Personal Care,PCR,2,5,1,4,158,145,130,973.7,130,0,50,120,8,1,0,7.49,0,1,28,3
2025-03-17,12,3,1,2025,14,SKU014,Popcorn,Snacks,SNK,7,1,1,19,246,239,246,1633.07,346,100,50,120,11,3,0,7.81,15,0,0,4
2025-07-21,30,7,3,2025,24,SKU024,Soap,Personal Care,PCR,7,5,3,12,277,244,274,2334.48,274,0,50,120,13,4,0,10.65,20,1,3,0
2025-10-17,42,10,4,2025,16,SKU016,Corn Chips,Dairy,DAR,4,2,3,5,242,215,242,592.9,249,7,50,120,7,1,0,2.45,0,0,0,4
2025-10-04,40,10,4,2025,19,SKU019,Butter 200g,Dairy,DAR,7,5,2,7,152,166,152,603.36,227,75,50,120,13,3,0,4.67,15,0,0,0
2025-06-26,26,6,2,2025,14,SKU014,Popcorn,Snacks,SNK,6,3,4,9,174,172,174,1468.56,345,171,50,120,9,1,0,8.44,0,0,0,2
2025-01-16,3,1,1,2025,7,SKU007,Mango Juice 1L,Beverages,BVG,1,1,1,2,71,81,71,817.92,272,201,50,120,7,1,0,11.52,0,0,0,2
2025-09-16,38,9,3,2025,15,SKU015,Pretzels,Snacks,SNK,8,1,1,2,135,139,135,1020.6,137,2,50,120,11,1,0,7.56,0,0,0,3
2025-09-27,39,9,3,2025,28,SKU028,Hand Wash,Personal Care,PCR,4,4,4,19,200,186,149,909.97,149,0,50,120,7,5,0,6.94,12,1,51,3
2025-06-24,26,6,2,2025,40,SKU040,Tea Pack,Home Care,HCR,2,5,4,10,126,119,126,844.2,190,64,50,120,7,1,0,6.7,0,0,0,0
2025-10-03,40,10,4,2025,23,SKU023,Shampoo,Dairy,DAR,8,5,3,10,227,209,191,2381.77,191,0,50,120,14,1,0,12.47,0,1,36,2
2025-05-27,22,5,2,2025,36,SKU036,Biscuits,Home Care,HCR,7,3,2,12,173,180,169,2753.77,169,0,50,120,10,3,0,19.17,15,1,4,0
2025-01-05,1,1,1,2025,2,SKU002,Orange Juice 1L,Beverages,BVG,1,5,4,7,97,94,97,912.28,169,72,50,120,9,2,0,10.45,10,0,0,3
2025-03-25,13,3,1,2025,26,SKU026,Face Wash,Personal Care,PCR,2,2,2,11,232,224,225,2813.4,225,0,50,120,9,4,0,15.63,20,1,7,4
2025-04-08,15,4,2,2025,15,SKU015,Pretzels,Snacks,SNK,2,5,2,20,220,183,220,3598.67,323,103,50,120,6,6,0,17.78,8,0,0,2
2025-10-01,40,10,4,2025,4,SKU004,Energy Drink 250ml,Beverages,BVG,6,3,4,7,137,144,137,2025.82,206,69,50,120,8,2,0,16.43,10,0,0,0
2025-08-05,32,8,3,2025,36,SKU036,Biscuits,Home Care,HCR,5,3,3,3,117,139,117,592.02,130,13,50,120,7,1,0,5.06,0,0,0,4
2025-08-02,31,8,3,2025,33,SKU033,Fabric Softener,Home Care,HCR,8,5,3,4,242,239,222,417.03,222,0,50,120,4,3,0,2.21,15,1,20,1
2025-03-09,10,3,1,2025,13,SKU013,Nachos,Snacks,SNK,2,2,4,10,154,140,142,1748.02,142,0,50,120,11,1,0,12.31,0,1,12,0
2025-08-09,32,8,3,2025,32,SKU032,Toilet Cleaner,Home Care,HCR,3,4,3,8,156,186,156,2290.58,260,104,50,120,7,6,0,15.96,8,0,0,0
2025-12-07,49,12,4,2025,24,SKU024,Soap,Personal Care,PCR,7,3,4,11,133,131,133,357.29,218,85,50,120,12,6,0,2.92,8,0,0,1
2025-09-05,36,9,3,2025,22,SKU022,Flavored Milk,Dairy,DAR,3,2,1,8,94,96,94,642.96,255,161,50,120,6,1,0,6.84,0,0,0,2
2025-10-28,44,10,4,2025,16,SKU016,Corn Chips,Dairy,DAR,1,5,1,10,105,92,105,1374.45,328,223,50,120,6,1,0,13.09,0,0,0,0
2025-07-31,31,7,3,2025,26,SKU026,Face Wash,Personal Care,PCR,2,3,4,18,177,173,177,1049.61,231,54,50,120,10,1,0,5.93,0,0,0,0
2025-10-27,44,10,4,2025,1,SKU001,Cola 500ml,Beverages,BVG,4,3,3,16,172,172,172,2807.04,289,117,50,120,12,1,0,16.32,0,0,0,1
2025-10-11,41,10,4,2025,25,SKU025,Toothpaste,Personal Care,PCR,3,3,4,18,172,168,172,807.02,229,57,50,120,11,6,0,5.1,8,0,0,0
2025-02-22,8,2,1,2025,11,SKU011,Salted Peanuts,Snacks,SNK,7,1,1,20,124,154,124,1196.7,163,39,50,120,2,6,0,10.49,8,0,0,1
2025-01-28,5,1,1,2025,22,SKU022,Flavored Milk,Dairy,DAR,7,3,1,11,191,201,186,1203.79,186,0,50,120,6,4,0,8.09,20,1,5,1
2025-12-29,1,12,4,2025,17,SKU017,Milk 1L,Dairy,DAR,2,2,4,18,92,79,92,460,219,127,50,120,13,1,4,5,0,0,0,1
2025-02-14,7,2,1,2025,11,SKU011,Salted Peanuts,Snacks,SNK,7,3,2,2,170,192,130,2416.7,130,0,50,120,5,1,0,18.59,0,1,40,4
2025-11-29,48,11,4,2025,36,SKU036,Biscuits,Home Care,HCR,4,5,4,20,263,263,134,616.72,134,0,50,120,5,5,0,5.23,12,1,129,2
2025-02-04,6,2,1,2025,25,SKU025,Toothpaste,Personal Care,PCR,3,1,1,8,153,169,153,2210.85,240,87,50,120,13,1,0,14.45,0,0,0,0
2025-06-09,24,6,2,2025,22,SKU022,Flavored Milk,Dairy,DAR,8,5,4,4,200,198,200,3890,231,31,50,120,6,1,0,19.45,0,0,0,2
2025-09-19,38,9,3,2025,40,SKU040,Tea Pack,Home Care,HCR,5,5,3,17,134,116,134,525.28,137,3,50,120,4,1,0,3.92,0,0,0,3
2025-09-11,37,9,3,2025,8,SKU008,Sparkling Water 500ml,Snacks,SNK,5,2,2,8,130,109,130,1095.9,153,23,50,120,8,1,0,8.43,0,0,0,4
2025-02-06,6,2,1,2025,38,SKU038,Cooking Oil,Home Care,HCR,2,2,4,19,241,231,241,848.32,333,92,50,120,2,5,0,4,12,0,0,4
2025-05-05,19,5,2,2025,40,SKU040,Tea Pack,Home Care,HCR,4,1,1,14,224,217,224,4112.64,255,31,50,120,14,1,0,18.36,0,0,0,2
2025-08-11,33,8,3,2025,38,SKU038,Cooking Oil,Home Care,HCR,1,2,4,19,119,117,119,727.09,326,207,50,120,13,1,0,6.11,0,0,0,0
2025-10-28,44,10,4,2025,8,SKU008,Sparkling Water 500ml,Snacks,SNK,6,3,4,6,179,183,179,2414.78,189,10,50,120,14,5,0,15.33,12,0,0,4
2025-11-06,45,11,4,2025,8,SKU008,Sparkling Water 500ml,Snacks,SNK,8,5,3,5,183,158,183,2080.71,297,114,50,120,6,1,0,11.37,0,0,0,4
2025-02-14,7,2,1,2025,34,SKU034,Floor Cleaner,Home Care,HCR,4,1,3,13,237,247,237,3473.38,300,63,50,120,12,6,0,15.93,8,0,0,2
2025-01-24,4,1,1,2025,26,SKU026,Face Wash,Personal Care,PCR,1,3,1,11,180,185,133,1348.3,133,0,50,120,14,5,0,11.52,12,1,47,3
2025-11-02,44,11,4,2025,27,SKU027,Body Lotion,Personal Care,PCR,6,2,1,20,116,116,116,1307.32,319,203,50,120,3,1,0,11.27,0,0,0,2
2025-03-04,10,3,1,2025,2,SKU002,Orange Juice 1L,Beverages,BVG,4,4,2,14,152,127,152,1882.37,238,86,50,120,11,2,0,13.76,10,0,0,3
2025-11-30,48,11,4,2025,38,SKU038,Cooking Oil,Home Care,HCR,2,5,4,15,123,133,123,937.26,165,42,50,120,6,1,0,7.62,0,0,0,3
2025-07-17,29,7,3,2025,18,SKU018,Yogurt Cup,Dairy,DAR,3,4,4,8,215,226,215,1161,221,6,50,120,12,2,0,6,10,0,0,4
2025-02-24,9,2,1,2025,37,SKU037,Fruit Jam,Home Care,HCR,2,5,4,11,128,117,128,785.46,208,80,50,120,8,6,0,6.67,8,0,0,4
2025-02-10,7,2,1,2025,22,SKU022,Flavored Milk,Dairy,DAR,6,4,3,12,145,175,145,2676.7,224,79,50,120,13,1,0,18.46,0,0,0,3
2025-09-06,36,9,3,2025,18,SKU018,Yogurt Cup,Dairy,DAR,3,1,4,16,180,212,180,1479.06,240,60,50,120,12,2,0,9.13,10,0,0,4
2025-08-04,32,8,3,2025,9,SKU009,Potato Chips,Snacks,SNK,6,4,4,11,166,147,166,1553.76,298,132,50,120,5,4,0,11.7,20,0,0,1
2025-02-03,6,2,1,2025,38,SKU038,Cooking Oil,Home Care,HCR,5,3,4,9,105,99,105,181.44,237,132,50,120,7,4,0,2.16,20,0,0,0
2025-06-16,25,6,2,2025,28,SKU028,Hand Wash,Personal Care,PCR,1,5,1,4,125,128,125,1469,220,95,50,120,6,4,0,14.69,20,0,0,4
2025-04-18,16,4,2,2025,39,SKU039,Rice,Home Care,HCR,6,2,3,10,118,129,118,1221.3,142,24,50,120,7,1,0,10.35,0,0,0,2
2025-04-07,15,4,2,2025,35,SKU035,Cereal,Home Care,HCR,3,5,4,11,158,151,158,2941.96,327,169,50,120,11,1,0,18.62,0,0,0,1
2025-11-25,48,11,4,2025,3,SKU003,Mineral Water 1.5L,Beverages,BVG,1,1,3,11,99,91,99,1191.56,259,160,50,120,7,3,0,14.16,15,0,0,4
2025-01-02,1,1,1,2025,13,SKU013,Nachos,Snacks,SNK,8,4,2,2,133,125,133,1631.54,232,99,50,120,5,5,1,13.94,12,0,0,4
2025-09-28,39,9,3,2025,32,SKU032,Toilet Cleaner,Home Care,HCR,8,5,4,13,183,151,155,1117.55,155,0,50,120,6,1,0,7.21,0,1,28,4
2025-01-15,3,1,1,2025,20,SKU020,Cheese Slices,Dairy,DAR,3,3,1,6,194,208,130,1288.17,130,0,50,120,3,2,0,11.01,10,1,64,1
2025-02-10,7,2,1,2025,7,SKU007,Mango Juice 1L,Beverages,BVG,4,5,4,4,157,175,157,1080.41,251,94,50,120,11,5,0,7.82,12,0,0,0
2025-04-18,16,4,2,2025,16,SKU016,Corn Chips,Dairy,DAR,4,1,1,15,143,138,143,2661.23,187,44,50,120,10,1,0,18.61,0,0,0,3
2025-06-29,26,6,2,2025,29,SKU029,Laundry Detergent,Personal Care,PCR,6,2,4,9,243,207,243,3754.35,252,9,50,120,13,1,0,15.45,0,0,0,0
2025-09-12,37,9,3,2025,6,SKU006,Lemon Soda 330ml,Beverages,BVG,4,1,4,2,133,160,133,434.38,145,12,50,120,2,6,0,3.55,8,0,0,4
2025-04-16,16,4,2,2025,4,SKU004,Energy Drink 250ml,Beverages,BVG,6,5,2,6,185,194,163,586.8,163,0,50,120,8,1,0,3.6,0,1,22,1
2025-09-18,38,9,3,2025,10,SKU010,Cheese Crackers,Snacks,SNK,6,2,1,20,92,112,92,276.74,264,172,50,120,13,4,0,3.76,20,0,0,4
2025-10-16,42,10,4,2025,30,SKU030,Dishwashing Liquid,Personal Care,PCR,7,2,3,6,190,185,176,1635.04,176,0,50,120,11,1,0,9.29,0,1,14,3
2025-07-11,28,7,3,2025,7,SKU007,Mango Juice 1L,Beverages,BVG,2,1,2,12,143,158,143,2360.93,185,42,50,120,2,1,0,16.51,0,0,0,1
2025-03-23,12,3,1,2025,14,SKU014,Popcorn,Snacks,SNK,4,4,2,5,175,152,175,1123.5,268,93,50,120,8,1,0,6.42,0,0,0,4
2025-11-14,46,11,4,2025,24,SKU024,Soap,Personal Care,PCR,4,1,3,10,180,179,174,1155.36,174,0,50,120,9,1,0,6.64,0,1,6,1
2025-01-05,1,1,1,2025,21,SKU021,Cream 250ml,Dairy,DAR,3,1,3,12,80,84,80,989.6,154,74,50,120,13,1,0,12.37,0,0,0,0
2025-02-10,7,2,1,2025,1,SKU001,Cola 500ml,Beverages,BVG,3,3,4,18,129,121,129,1453.83,296,167,50,120,14,1,0,11.27,0,0,0,4
2025-09-06,36,9,3,2025,22,SKU022,Flavored Milk,Dairy,DAR,2,3,4,15,218,189,218,3758.32,273,55,50,120,12,1,0,17.24,0,0,0,2
2025-07-10,28,7,3,2025,25,SKU025,Toothpaste,Personal Care,PCR,8,2,4,13,115,139,115,1854.95,315,200,50,120,5,1,0,16.13,0,0,0,1
2025-01-09,2,1,1,2025,15,SKU015,Pretzels,Snacks,SNK,5,1,3,20,232,235,161,1881.77,161,0,50,120,4,4,0,14.61,20,1,71,2
2025-03-29,13,3,1,2025,28,SKU028,Hand Wash,Personal Care,PCR,2,5,2,12,228,188,228,2334.72,230,2,50,120,9,1,0,10.24,0,0,0,4
2025-06-07,23,6,2,2025,14,SKU014,Popcorn,Snacks,SNK,7,5,2,20,152,172,120,1323.6,120,0,50,120,12,1,0,11.03,0,1,32,3
2025-02-12,7,2,1,2025,18,SKU018,Yogurt Cup,Dairy,DAR,2,2,2,7,79,79,79,554.58,210,131,50,120,12,1,0,7.02,0,0,0,1
2025-08-19,34,8,3,2025,29,SKU029,Laundry Detergent,Personal Care,PCR,2,2,4,11,107,93,107,1652.08,295,188,50,120,4,1,0,15.44,0,0,0,3
2025-09-25,39,9,3,2025,17,SKU017,Milk 1L,Dairy,DAR,7,2,2,4,157,174,157,1687.12,191,34,50,120,13,2,0,11.94,10,0,0,3
2025-03-14,11,3,1,2025,26,SKU026,Face Wash,Personal Care,PCR,1,5,1,18,229,221,204,3816.84,204,0,50,120,9,1,0,18.71,0,1,25,4
2025-05-22,21,5,2,2025,34,SKU034,Floor Cleaner,Home Care,HCR,1,3,1,4,107,130,107,231.92,348,241,50,120,2,3,0,2.55,15,0,0,0
2025-02-16,7,2,1,2025,21,SKU021,Cream 250ml,Dairy,DAR,5,2,1,7,237,189,179,2607.85,179,0,50,120,12,3,0,17.14,15,1,58,1
2025-08-15,33,8,3,2025,34,SKU034,Floor Cleaner,Home Care,HCR,7,4,2,14,142,174,142,661.44,211,69,50,120,11,3,0,5.48,15,0,0,0
2025-10-12,41,10,4,2025,30,SKU030,Dishwashing Liquid,Personal Care,PCR,5,4,1,8,200,174,200,3960,267,67,50,120,10,1,0,19.8,0,0,0,1
2025-10-18,42,10,4,2025,32,SKU032,Toilet Cleaner,Home Care,HCR,4,4,2,10,111,96,111,1420.91,166,55,50,120,9,3,0,15.06,15,0,0,3
2025-09-15,38,9,3,2025,14,SKU014,Popcorn,Snacks,SNK,5,2,3,4,136,134,136,2524.16,259,123,50,120,13,1,0,18.56,0,0,0,0
2025-11-21,47,11,4,2025,27,SKU027,Body Lotion,Personal Care,PCR,1,3,3,2,138,154,138,2100.91,186,48,50,120,5,4,0,19.03,20,0,0,1
2025-09-03,36,9,3,2025,11,SKU011,Salted Peanuts,Snacks,SNK,5,2,4,3,163,153,163,590.22,206,43,50,120,5,3,0,4.26,15,0,0,2
2025-06-18,25,6,2,2025,31,SKU031,Surface Cleaner,Personal Care,PCR,1,5,4,13,89,83,89,1642.94,191,102,50,120,13,1,0,18.46,0,0,0,1
2025-01-15,3,1,1,2025,18,SKU018,Yogurt Cup,Dairy,DAR,4,3,1,6,78,90,78,651.39,286,208,50,120,4,5,0,9.49,12,0,0,4
2025-05-17,20,5,2,2025,10,SKU010,Cheese Crackers,Snacks,SNK,8,5,3,5,159,138,159,785.46,308,149,50,120,10,1,0,4.94,0,0,0,4
2025-09-29,40,9,3,2025,40,SKU040,Tea Pack,Home Care,HCR,5,5,1,11,131,134,130,1002.3,130,0,50,120,6,1,0,7.71,0,1,1,3
2025-01-16,3,1,1,2025,2,SKU002,Orange Juice 1L,Beverages,BVG,2,1,1,18,197,188,173,1878.78,173,0,50,120,4,1,0,10.86,0,1,24,2
2025-11-02,44,11,4,2025,11,SKU011,Salted Peanuts,Snacks,SNK,4,1,2,19,92,95,92,881.65,322,230,50,120,4,5,0,10.89,12,0,0,4
2025-08-20,34,8,3,2025,1,SKU001,Cola 500ml,Beverages,BVG,2,3,2,9,154,154,154,733.04,323,169,50,120,2,1,0,4.76,0,0,0,1
2025-05-26,22,5,2,2025,28,SKU028,Hand Wash,Personal Care,PCR,2,2,4,1,105,127,105,1543.08,164,59,50,120,13,4,0,18.37,20,0,0,2
2025-10-17,42,10,4,2025,15,SKU015,Pretzels,Snacks,SNK,1,2,4,2,156,171,156,1398.38,232,76,50,120,14,2,0,9.96,10,0,0,0
2025-03-14,11,3,1,2025,22,SKU022,Flavored Milk,Dairy,DAR,5,5,2,11,142,129,142,2525.33,290,148,50,120,5,2,0,19.76,10,0,0,4
2025-02-13,7,2,1,2025,1,SKU001,Cola 500ml,Beverages,BVG,5,3,2,19,211,181,211,3568.01,230,19,50,120,2,1,0,16.91,0,0,0,1
2025-08-28,35,8,3,2025,6,SKU006,Lemon Soda 330ml,Beverages,BVG,6,1,1,1,192,192,192,472.32,247,55,50,120,2,1,0,2.46,0,0,0,1
2025-07-11,28,7,3,2025,25,SKU025,Toothpaste,Personal Care,PCR,5,1,2,2,115,117,115,263.93,204,89,50,120,4,3,0,2.7,15,0,0,1
2025-11-13,46,11,4,2025,31,SKU031,Surface Cleaner,Personal Care,PCR,2,4,2,5,138,137,138,931.5,235,97,50,120,10,1,0,6.75,0,0,0,4
2025-10-01,40,10,4,2025,40,SKU040,Tea Pack,Home Care,HCR,5,4,4,17,177,178,177,2823.5,249,72,50,120,7,4,0,19.94,20,0,0,4
2025-11-04,45,11,4,2025,23,SKU023,Shampoo,Dairy,DAR,3,2,1,13,211,201,211,919.96,237,26,50,120,10,1,0,4.36,0,0,0,2
2025-07-15,29,7,3,2025,29,SKU029,Laundry Detergent,Personal Care,PCR,7,2,1,16,225,201,151,1445.07,151,0,50,120,8,1,0,9.57,0,1,74,4
2025-09-27,39,9,3,2025,9,SKU009,Potato Chips,Snacks,SNK,6,2,3,4,110,126,110,614.9,185,75,50,120,3,1,0,5.59,0,0,0,1
2025-02-17,8,2,1,2025,13,SKU013,Nachos,Snacks,SNK,3,4,1,5,117,136,117,1603.13,204,87,50,120,2,3,0,16.12,15,0,0,2
2025-05-10,19,5,2,2025,29,SKU029,Laundry Detergent,Personal Care,PCR,2,4,3,4,166,152,166,1304.76,189,23,50,120,3,1,0,7.86,0,0,0,0
2025-10-22,43,10,4,2025,19,SKU019,Butter 200g,Dairy,DAR,4,3,3,5,144,117,144,825.12,182,38,50,120,7,1,0,5.73,0,0,0,4
2025-05-10,19,5,2,2025,31,SKU031,Surface Cleaner,Personal Care,PCR,7,4,3,6,131,151,131,690.37,153,22,50,120,10,1,0,5.27,0,0,0,0
2025-01-16,3,1,1,2025,25,SKU025,Toothpaste,Personal Care,PCR,7,3,2,13,209,226,209,3483.61,256,47,50,120,10,2,0,18.52,10,0,0,3
2025-08-15,33,8,3,2025,33,SKU033,Fabric Softener,Home Care,HCR,5,1,4,13,104,131,104,516.67,122,18,50,120,8,4,0,6.21,20,0,0,0
2025-03-21,12,3,1,2025,19,SKU019,Butter 200g,Dairy,DAR,2,4,2,2,193,203,193,1279.59,302,109,50,120,7,1,0,6.63,0,0,0,2
2025-08-31,35,8,3,2025,21,SKU021,Cream 250ml,Dairy,DAR,3,2,2,9,112,114,112,556.86,334,222,50,120,6,5,0,5.65,12,0,0,3
2025-08-02,31,8,3,2025,5,SKU005,Iced Tea 500ml,Beverages,BVG,1,4,4,15,295,283,201,2241.15,201,0,50,120,12,1,0,11.15,0,1,94,3
2025-09-10,37,9,3,2025,5,SKU005,Iced Tea 500ml,Beverages,BVG,3,4,3,15,90,97,90,717.3,321,231,50,120,14,1,0,7.97,0,0,0,1
2025-11-07,45,11,4,2025,20,SKU020,Cheese Slices,Dairy,DAR,7,3,3,15,79,100,79,1263.21,332,253,50,120,9,1,0,15.99,0,0,0,0
2025-08-31,35,8,3,2025,7,SKU007,Mango Juice 1L,Beverages,BVG,1,2,3,18,130,143,130,483.6,217,87,50,120,2,1,0,3.72,0,0,0,2
2025-12-20,51,12,4,2025,5,SKU005,Iced Tea 500ml,Beverages,BVG,5,2,2,13,119,98,119,1490.83,255,136,50,120,12,2,0,13.92,10,0,0,2
2025-05-08,19,5,2,2025,13,SKU013,Nachos,Snacks,SNK,4,2,2,7,252,206,252,3732.12,297,45,50,120,5,1,0,14.81,0,0,0,1
2025-08-02,31,8,3,2025,18,SKU018,Yogurt Cup,Dairy,DAR,4,2,3,2,174,198,174,1696.5,188,14,50,120,7,1,0,9.75,0,0,0,0
2025-09-01,36,9,3,2025,8,SKU008,Sparkling Water 500ml,Snacks,SNK,5,4,4,19,143,134,143,2236.52,347,204,50,120,7,1,0,15.64,0,0,0,4
2025-01-28,5,1,1,2025,23,SKU023,Shampoo,Dairy,DAR,3,2,1,17,112,118,112,1009.12,204,92,50,120,9,1,0,9.01,0,0,0,3
2025-12-14,50,12,4,2025,28,SKU028,Hand Wash,Personal Care,PCR,6,3,3,9,153,169,130,539.24,130,0,50,120,3,3,0,4.88,15,1,23,1
2025-04-03,14,4,2,2025,25,SKU025,Toothpaste,Personal Care,PCR,3,2,2,8,161,143,161,1600.34,336,175,50,120,2,1,0,9.94,0,0,0,4
2025-08-27,35,8,3,2025,31,SKU031,Surface Cleaner,Personal Care,PCR,4,1,4,1,115,109,115,1693.95,287,172,50,120,5,1,0,14.73,0,0,0,4
2025-10-05,40,10,4,2025,29,SKU029,Laundry Detergent,Personal Care,PCR,3,5,3,8,119,141,119,742.2,223,104,50,120,13,2,0,6.93,10,0,0,2
2025-09-04,36,9,3,2025,38,SKU038,Cooking Oil,Home Care,HCR,3,5,4,7,145,133,145,2262,212,67,50,120,13,1,0,15.6,0,0,0,4
2025-04-22,17,4,2,2025,16,SKU016,Corn Chips,Dairy,DAR,7,4,4,17,217,205,217,2852.94,233,16,50,120,10,5,0,14.94,12,0,0,4
2025-12-29,1,12,4,2025,19,SKU019,Butter 200g,Dairy,DAR,4,4,4,13,175,161,175,2813.58,261,86,50,120,6,5,4,18.27,12,0,0,1
2025-05-21,21,5,2,2025,2,SKU002,Orange Juice 1L,Beverages,BVG,6,2,1,13,137,120,137,1471.93,329,192,50,120,11,3,0,12.64,15,0,0,3
2025-11-11,46,11,4,2025,35,SKU035,Cereal,Home Care,HCR,7,4,2,10,182,185,179,2708.27,179,0,50,120,6,1,0,15.13,0,1,3,0
2025-08-20,34,8,3,2025,37,SKU037,Fruit Jam,Home Care,HCR,7,4,2,13,125,141,125,595.1,157,32,50,120,4,5,0,5.41,12,0,0,2
2025-01-19,3,1,1,2025,23,SKU023,Shampoo,Dairy,DAR,7,3,3,4,220,224,220,3988.6,292,72,50,120,14,1,0,18.13,0,0,0,2
2025-01-08,2,1,1,2025,38,SKU038,Cooking Oil,Home Care,HCR,1,2,4,19,162,166,132,1931.16,132,0,50,120,12,1,0,14.63,0,1,30,2
2025-05-28,22,5,2,2025,27,SKU027,Body Lotion,Personal Care,PCR,3,5,3,8,206,222,206,2209.8,221,15,50,120,12,5,0,12.19,12,0,0,0
2025-04-18,16,4,2,2025,2,SKU002,Orange Juice 1L,Beverages,BVG,3,1,3,7,290,243,195,434.15,195,0,50,120,3,6,0,2.42,8,1,95,4
2025-01-06,2,1,1,2025,32,SKU032,Toilet Cleaner,Home Care,HCR,8,5,3,6,191,160,191,3462.83,234,43,50,120,7,1,0,18.13,0,0,0,2
2025-01-25,4,1,1,2025,15,SKU015,Pretzels,Snacks,SNK,8,2,2,6,101,93,101,379.76,262,161,50,120,3,1,0,3.76,0,0,0,1
2025-02-13,7,2,1,2025,28,SKU028,Hand Wash,Personal Care,PCR,4,2,2,3,168,147,132,979.44,132,0,50,120,4,1,0,7.42,0,1,36,3
2025-02-05,6,2,1,2025,36,SKU036,Biscuits,Home Care,HCR,3,4,4,18,196,190,158,1275.06,158,0,50,120,6,1,0,8.07,0,1,38,4
2025-01-02,1,1,1,2025,36,SKU036,Biscuits,Home Care,HCR,4,3,1,4,85,97,85,676.6,294,209,50,120,7,1,1,7.96,0,0,0,1
2025-01-19,3,1,1,2025,10,SKU010,Cheese Crackers,Snacks,SNK,1,1,4,7,120,140,120,613.44,335,215,50,120,5,2,0,5.68,10,0,0,2
2025-03-27,13,3,1,2025,2,SKU002,Orange Juice 1L,Beverages,BVG,6,2,2,17,178,194,178,3107.88,344,166,50,120,11,1,0,17.46,0,0,0,1
2025-09-17,38,9,3,2025,11,SKU011,Salted Peanuts,Snacks,SNK,7,4,2,14,108,132,108,736.13,181,73,50,120,4,4,0,8.52,20,0,0,4
2025-05-10,19,5,2,2025,7,SKU007,Mango Juice 1L,Beverages,BVG,5,1,4,1,218,251,218,1438.8,219,1,50,120,8,1,0,6.6,0,0,0,1
2025-12-29,1,12,4,2025,27,SKU027,Body Lotion,Personal Care,PCR,7,1,4,19,162,179,162,1180.98,224,62,50,120,8,1,4,7.29,0,0,0,2
2025-08-22,34,8,3,2025,30,SKU030,Dishwashing Liquid,Personal Care,PCR,8,1,2,5,116,113,116,1193.64,257,141,50,120,4,1,0,10.29,0,0,0,3
2025-08-31,35,8,3,2025,39,SKU039,Rice,Home Care,HCR,3,5,2,8,96,95,96,1539.65,209,113,50,120,5,2,0,17.82,10,0,0,4
2025-05-20,21,5,2,2025,33,SKU033,Fabric Softener,Home Care,HCR,4,2,4,9,90,99,90,1383.88,348,258,50,120,9,3,0,18.09,15,0,0,0
2025-04-19,16,4,2,2025,10,SKU010,Cheese Crackers,Snacks,SNK,1,1,1,19,222,230,222,2426.46,345,123,50,120,5,1,0,10.93,0,0,0,3
2025-08-07,32,8,3,2025,18,SKU018,Yogurt Cup,Dairy,DAR,4,5,4,19,192,218,192,1985.28,247,55,50,120,11,1,0,10.34,0,0,0,2
2025-09-22,39,9,3,2025,30,SKU030,Dishwashing Liquid,Personal Care,PCR,4,3,4,19,86,97,86,1543.63,238,152,50,120,5,6,0,19.51,8,0,0,2
2025-11-13,46,11,4,2025,38,SKU038,Cooking Oil,Home Care,HCR,6,4,2,10,193,220,193,1810.34,348,155,50,120,14,1,0,9.38,0,0,0,3
2025-09-18,38,9,3,2025,8,SKU008,Sparkling Water 500ml,Snacks,SNK,8,3,1,1,144,119,144,306.03,306,162,50,120,3,6,0,2.31,8,0,0,3
2025-11-22,47,11,4,2025,16,SKU016,Corn Chips,Dairy,DAR,5,5,2,13,102,116,102,1339.26,224,122,50,120,7,1,0,13.13,0,0,0,2
2025-01-18,3,1,1,2025,18,SKU018,Yogurt Cup,Dairy,DAR,2,2,3,9,131,136,131,1048,314,183,50,120,5,1,0,8,0,0,0,2
2025-03-06,10,3,1,2025,23,SKU023,Shampoo,Dairy,DAR,5,2,4,2,174,174,174,2442.96,207,33,50,120,14,1,0,14.04,0,0,0,3
2025-06-11,24,6,2,2025,38,SKU038,Cooking Oil,Home Care,HCR,7,2,2,6,90,100,90,822.1,321,231,50,120,11,5,0,10.38,12,0,0,1
2025-06-18,25,6,2,2025,29,SKU029,Laundry Detergent,Personal Care,PCR,2,1,4,6,226,219,226,652.87,317,91,50,120,11,6,0,3.14,8,0,0,2
2025-03-24,13,3,1,2025,35,SKU035,Cereal,Home Care,HCR,2,4,4,19,214,187,163,772.62,163,0,50,120,4,1,0,4.74,0,1,51,0
2025-07-16,29,7,3,2025,14,SKU014,Popcorn,Snacks,SNK,8,5,3,2,139,121,139,2629.88,171,32,50,120,10,1,0,18.92,0,0,0,2
2025-02-28,9,2,1,2025,18,SKU018,Yogurt Cup,Dairy,DAR,2,1,4,20,235,215,235,3579.05,266,31,50,120,7,1,0,15.23,0,0,0,4
2025-08-08,32,8,3,2025,2,SKU002,Orange Juice 1L,Beverages,BVG,4,5,4,16,237,214,222,2557.44,222,0,50,120,6,1,0,11.52,0,1,15,0
2025-01-30,5,1,1,2025,35,SKU035,Cereal,Home Care,HCR,2,1,4,15,163,162,163,1483.95,239,76,50,120,7,4,0,11.38,20,0,0,3
2025-03-01,9,3,1,2025,33,SKU033,Fabric Softener,Home Care,HCR,6,2,4,2,129,121,129,536.64,159,30,50,120,12,1,0,4.16,0,0,0,2
2025-05-26,22,5,2,2025,23,SKU023,Shampoo,Dairy,DAR,4,5,3,4,87,80,87,518.52,273,186,50,120,10,1,0,5.96,0,0,0,3
2025-04-24,17,4,2,2025,3,SKU003,Mineral Water 1.5L,Beverages,BVG,6,3,3,20,158,134,158,861.1,196,38,50,120,11,1,0,5.45,0,0,0,0
2025-01-30,5,1,1,2025,4,SKU004,Energy Drink 250ml,Beverages,BVG,8,1,3,9,93,108,93,715.17,192,99,50,120,2,1,0,7.69,0,0,0,4
2025-05-01,18,5,2,2025,21,SKU021,Cream 250ml,Dairy,DAR,2,2,4,1,205,217,205,3636.7,335,130,50,120,8,1,0,17.74,0,0,0,4
2025-09-18,38,9,3,2025,12,SKU012,Chocolate Cookies,Snacks,SNK,7,5,2,7,160,173,160,2057.6,160,0,50,120,9,1,0,12.86,0,0,0,4
2025-03-25,13,3,1,2025,26,SKU026,Face Wash,Personal Care,PCR,3,1,1,7,129,152,129,1471.89,281,152,50,120,4,1,0,11.41,0,0,0,1
2025-05-25,21,5,2,2025,11,SKU011,Salted Peanuts,Snacks,SNK,1,2,4,4,228,181,228,493.57,297,69,50,120,12,5,0,2.46,12,0,0,2
2025-08-30,35,8,3,2025,18,SKU018,Yogurt Cup,Dairy,DAR,7,5,1,2,164,172,164,1549.47,297,133,50,120,12,4,0,11.81,20,0,0,4
2025-08-03,31,8,3,2025,27,SKU027,Body Lotion,Personal Care,PCR,8,3,1,7,181,208,181,2441.69,324,143,50,120,6,1,0,13.49,0,0,0,1
2025-09-27,39,9,3,2025,3,SKU003,Mineral Water 1.5L,Beverages,BVG,4,2,4,18,104,85,104,1514.24,138,34,50,120,10,1,0,14.56,0,0,0,1
2025-06-03,23,6,2,2025,40,SKU040,Tea Pack,Home Care,HCR,7,5,3,3,129,157,129,1840.16,315,186,50,120,9,5,0,16.21,12,0,0,4
2025-10-31,44,10,4,2025,17,SKU017,Milk 1L,Dairy,DAR,1,2,3,8,256,222,242,4346.32,242,0,50,120,9,1,0,17.96,0,1,14,4
2025-01-06,2,1,1,2025,27,SKU027,Body Lotion,Personal Care,PCR,2,2,4,2,157,161,157,919.86,346,189,50,120,7,2,0,6.51,10,0,0,2
2025-10-01,40,10,4,2025,12,SKU012,Chocolate Cookies,Snacks,SNK,8,5,4,3,160,143,160,2705.6,276,116,50,120,11,1,0,16.91,0,0,0,4
2025-08-03,31,8,3,2025,29,SKU029,Laundry Detergent,Personal Care,PCR,7,3,2,2,240,211,165,1681.6,165,0,50,120,9,3,0,11.99,15,1,75,4
2025-08-14,33,8,3,2025,38,SKU038,Cooking Oil,Home Care,HCR,2,3,3,17,180,167,180,2841.7,344,164,50,120,8,5,0,17.94,12,0,0,0
2025-12-05,49,12,4,2025,13,SKU013,Nachos,Snacks,SNK,6,1,2,17,189,199,189,1126.44,288,99,50,120,6,1,0,5.96,0,0,0,3
2025-01-05,1,1,1,2025,22,SKU022,Flavored Milk,Dairy,DAR,7,5,3,8,172,147,150,2332.5,150,0,50,120,5,1,0,15.55,0,1,22,1
2025-09-07,36,9,3,2025,23,SKU023,Shampoo,Dairy,DAR,3,4,2,12,174,154,174,1137.96,213,39,50,120,5,1,0,6.54,0,0,0,0
2025-09-19,38,9,3,2025,6,SKU006,Lemon Soda 330ml,Beverages,BVG,5,4,4,15,197,162,197,964.2,261,64,50,120,2,6,0,5.32,8,0,0,4
2025-05-03,18,5,2,2025,40,SKU040,Tea Pack,Home Care,HCR,3,3,3,9,160,131,154,2544.08,154,0,50,120,12,1,0,16.52,0,1,6,1
2025-12-16,51,12,4,2025,12,SKU012,Chocolate Cookies,Snacks,SNK,3,3,2,16,174,144,174,368.88,302,128,50,120,13,1,0,2.12,0,0,0,0
2025-03-28,13,3,1,2025,36,SKU036,Biscuits,Home Care,HCR,3,3,3,13,128,145,128,1938.43,158,30,50,120,10,4,0,18.93,20,0,0,0
2025-02-07,6,2,1,2025,26,SKU026,Face Wash,Personal Care,PCR,8,4,4,14,102,115,102,1144.44,164,62,50,120,9,1,0,11.22,0,0,0,1
2025-10-29,44,10,4,2025,14,SKU014,Popcorn,Snacks,SNK,7,3,1,2,176,175,123,447.72,123,0,50,120,11,1,0,3.64,0,1,53,4
2025-11-30,48,11,4,2025,20,SKU020,Cheese Slices,Dairy,DAR,1,2,1,5,133,146,133,271.72,160,27,50,120,11,2,0,2.27,10,0,0,0
2025-05-04,18,5,2,2025,35,SKU035,Cereal,Home Care,HCR,1,5,3,4,164,179,164,2032.29,326,162,50,120,8,4,0,15.49,20,0,0,0
2025-03-26,13,3,1,2025,32,SKU032,Toilet Cleaner,Home Care,HCR,6,5,3,18,147,159,147,2417.12,212,65,50,120,9,2,0,18.27,10,0,0,0
2025-10-08,41,10,4,2025,25,SKU025,Toothpaste,Personal Care,PCR,5,4,1,12,244,212,244,3423.32,308,64,50,120,5,6,0,15.25,8,0,0,3
2025-11-18,47,11,4,2025,33,SKU033,Fabric Softener,Home Care,HCR,7,5,3,15,169,195,169,586.09,243,74,50,120,6,3,0,4.08,15,0,0,4
2025-10-20,43,10,4,2025,39,SKU039,Rice,Home Care,HCR,4,2,2,1,100,86,100,1553,260,160,50,120,4,1,0,15.53,0,0,0,1
2025-04-10,15,4,2,2025,33,SKU033,Fabric Softener,Home Care,HCR,1,3,4,16,174,184,150,2685.15,150,0,50,120,2,2,0,19.89,10,1,24,3
2025-09-11,37,9,3,2025,30,SKU030,Dishwashing Liquid,Personal Care,PCR,4,2,2,8,200,176,131,1810.42,131,0,50,120,9,1,0,13.82,0,1,69,0
2025-08-05,32,8,3,2025,3,SKU003,Mineral Water 1.5L,Beverages,BVG,7,5,2,5,285,273,201,3523.93,201,0,50,120,14,2,0,19.48,10,1,84,0
2025-07-13,28,7,3,2025,34,SKU034,Floor Cleaner,Home Care,HCR,7,2,4,5,191,155,136,2218.16,136,0,50,120,13,1,0,16.31,0,1,55,0
2025-08-09,32,8,3,2025,27,SKU027,Body Lotion,Personal Care,PCR,1,5,1,5,243,208,124,564.15,124,0,50,120,9,5,0,5.17,12,1,119,3
2025-05-08,19,5,2,2025,10,SKU010,Cheese Crackers,Snacks,SNK,3,2,2,14,125,127,125,334.12,158,33,50,120,9,2,0,2.97,10,0,0,1
2025-01-07,2,1,1,2025,26,SKU026,Face Wash,Personal Care,PCR,4,4,3,15,118,103,118,1322.92,327,209,50,120,6,5,0,12.74,12,0,0,0
2025-07-26,30,7,3,2025,22,SKU022,Flavored Milk,Dairy,DAR,6,2,1,6,216,236,216,2217.89,245,29,50,120,3,3,0,12.08,15,0,0,1
2025-02-20,8,2,1,2025,27,SKU027,Body Lotion,Personal Care,PCR,6,4,3,8,91,95,91,1352.26,315,224,50,120,4,1,0,14.86,0,0,0,3
2025-04-27,17,4,2,2025,2,SKU002,Orange Juice 1L,Beverages,BVG,6,5,3,11,127,148,127,1953.26,251,124,50,120,8,1,0,15.38,0,0,0,4
2025-09-29,40,9,3,2025,22,SKU022,Flavored Milk,Dairy,DAR,7,5,1,14,179,171,143,2398.11,143,0,50,120,13,1,0,16.77,0,1,36,1
2025-07-10,28,7,3,2025,23,SKU023,Shampoo,Dairy,DAR,6,5,3,1,175,156,173,1352.86,173,0,50,120,10,1,0,7.82,0,1,2,2
2025-06-04,23,6,2,2025,34,SKU034,Floor Cleaner,Home Care,HCR,4,4,3,16,267,232,129,1393.2,129,0,50,120,12,2,0,12,10,1,138,2
2025-12-02,49,12,4,2025,30,SKU030,Dishwashing Liquid,Personal Care,PCR,4,1,1,11,125,134,125,293.75,285,160,50,120,2,1,0,2.35,0,0,0,1
2025-10-10,41,10,4,2025,3,SKU003,Mineral Water 1.5L,Beverages,BVG,7,3,2,3,144,143,144,2458.37,240,96,50,120,10,5,0,19.4,12,0,0,4
2025-08-05,32,8,3,2025,15,SKU015,Pretzels,Snacks,SNK,5,2,3,9,171,175,140,675.36,140,0,50,120,9,2,0,5.36,10,1,31,1
2025-03-22,12,3,1,2025,12,SKU012,Chocolate Cookies,Snacks,SNK,7,5,4,20,193,197,193,1779.46,244,51,50,120,6,1,0,9.22,0,0,0,1
2025-01-19,3,1,1,2025,8,SKU008,Sparkling Water 500ml,Snacks,SNK,3,3,1,18,201,233,201,1998.95,282,81,50,120,12,2,0,11.05,10,0,0,3
2025-06-06,23,6,2,2025,38,SKU038,Cooking Oil,Home Care,HCR,4,4,1,4,160,178,152,1798.16,152,0,50,120,11,1,0,11.83,0,1,8,3
2025-05-06,19,5,2,2025,8,SKU008,Sparkling Water 500ml,Snacks,SNK,2,1,2,8,153,147,129,299.28,129,0,50,120,14,1,0,2.32,0,1,24,4
2025-02-14,7,2,1,2025,40,SKU040,Tea Pack,Home Care,HCR,8,1,1,17,169,208,169,2240.94,324,155,50,120,13,1,0,13.26,0,0,0,0
2025-12-30,1,12,4,2025,38,SKU038,Cooking Oil,Home Care,HCR,1,1,2,17,193,191,193,2130.72,202,9,50,120,10,6,4,12,8,0,0,0
2025-09-15,38,9,3,2025,7,SKU007,Mango Juice 1L,Beverages,BVG,5,1,2,6,190,185,190,932.9,213,23,50,120,13,1,0,4.91,0,0,0,4
2025-04-08,15,4,2,2025,6,SKU006,Lemon Soda 330ml,Beverages,BVG,2,1,2,2,110,94,110,498.3,133,23,50,120,12,1,0,4.53,0,0,0,0
2025-11-02,44,11,4,2025,12,SKU012,Chocolate Cookies,Snacks,SNK,1,3,2,6,69,73,69,1164.72,132,63,50,120,11,1,0,16.88,0,0,0,0
2025-01-21,4,1,1,2025,36,SKU036,Biscuits,Home Care,HCR,5,4,2,1,111,137,111,554.44,315,204,50,120,14,2,0,5.55,10,0,0,4
2025-12-17,51,12,4,2025,32,SKU032,Toilet Cleaner,Home Care,HCR,5,5,3,8,182,192,182,3319.68,329,147,50,120,2,1,0,18.24,0,0,0,3
2025-10-25,43,10,4,2025,6,SKU006,Lemon Soda 330ml,Beverages,BVG,3,2,1,2,189,167,189,1924.02,237,48,50,120,4,1,0,10.18,0,0,0,1
2025-10-16,42,10,4,2025,8,SKU008,Sparkling Water 500ml,Snacks,SNK,1,2,2,6,156,158,156,609.96,192,36,50,120,8,1,0,3.91,0,0,0,4
2025-11-03,45,11,4,2025,27,SKU027,Body Lotion,Personal Care,PCR,1,1,4,19,134,157,134,526.62,269,135,50,120,9,1,0,3.93,0,0,0,4
2025-04-07,15,4,2,2025,13,SKU013,Nachos,Snacks,SNK,8,3,1,7,94,99,94,1019.11,247,153,50,120,9,5,0,12.32,12,0,0,0
2025-04-14,16,4,2,2025,8,SKU008,Sparkling Water 500ml,Snacks,SNK,5,1,3,11,125,130,125,926.25,167,42,50,120,10,1,0,7.41,0,0,0,0
2025-08-30,35,8,3,2025,28,SKU028,Hand Wash,Personal Care,PCR,4,4,1,10,181,226,181,734.68,289,108,50,120,4,2,0,4.51,10,0,0,1
2025-11-18,47,11,4,2025,5,SKU005,Iced Tea 500ml,Beverages,BVG,1,4,3,13,261,221,135,1533.33,135,0,50,120,11,2,0,12.62,10,1,126,3
2025-06-24,26,6,2,2025,9,SKU009,Potato Chips,Snacks,SNK,3,2,2,10,138,142,138,934.26,330,192,50,120,13,1,0,6.77,0,0,0,2
2025-07-05,27,7,3,2025,34,SKU034,Floor Cleaner,Home Care,HCR,4,1,4,15,206,181,153,668.61,153,0,50,120,9,1,0,4.37,0,1,53,2
2025-08-26,35,8,3,2025,27,SKU027,Body Lotion,Personal Care,PCR,7,5,3,2,172,194,172,2869.99,333,161,50,120,2,2,0,18.54,10,0,0,0
2025-08-08,32,8,3,2025,2,SKU002,Orange Juice 1L,Beverages,BVG,4,5,4,4,138,141,138,1445.69,284,146,50,120,14,2,0,11.64,10,0,0,1
2025-09-15,38,9,3,2025,40,SKU040,Tea Pack,Home Care,HCR,4,3,3,20,158,160,158,1488.83,297,139,50,120,5,2,0,10.47,10,0,0,0
2025-05-19,21,5,2,2025,23,SKU023,Shampoo,Dairy,DAR,6,4,3,8,135,150,135,523.8,261,126,50,120,12,4,0,4.85,20,0,0,0
2025-12-16,51,12,4,2025,18,SKU018,Yogurt Cup,Dairy,DAR,1,5,2,13,178,158,178,2202.75,304,126,50,120,2,2,0,13.75,10,0,0,2
2025-08-21,34,8,3,2025,15,SKU015,Pretzels,Snacks,SNK,4,5,4,10,106,92,106,1646.6,300,194,50,120,2,2,0,17.26,10,0,0,1
2025-09-06,36,9,3,2025,14,SKU014,Popcorn,Snacks,SNK,3,5,3,15,226,195,156,867.36,156,0,50,120,11,1,0,5.56,0,1,70,1
2025-03-02,9,3,1,2025,1,SKU001,Cola 500ml,Beverages,BVG,2,4,2,1,113,127,113,1233.06,160,47,50,120,14,4,0,13.64,20,0,0,1
2025-02-19,8,2,1,2025,16,SKU016,Corn Chips,Dairy,DAR,8,2,3,3,78,88,78,1542.06,350,272,50,120,14,1,0,19.77,0,0,0,0
2025-12-18,51,12,4,2025,36,SKU036,Biscuits,Home Care,HCR,4,1,4,13,168,193,132,873.84,132,0,50,120,13,1,0,6.62,0,1,36,4
2025-01-07,2,1,1,2025,30,SKU030,Dishwashing Liquid,Personal Care,PCR,1,5,1,8,135,113,135,2601.45,321,186,50,120,12,1,0,19.27,0,0,0,2
2025-09-05,36,9,3,2025,5,SKU005,Iced Tea 500ml,Beverages,BVG,4,5,4,10,91,107,91,234.37,185,94,50,120,13,3,0,3.03,15,0,0,2
2025-06-21,25,6,2,2025,18,SKU018,Yogurt Cup,Dairy,DAR,1,4,3,19,159,138,159,569.54,258,99,50,120,4,2,0,3.98,10,0,0,2
2025-01-29,5,1,1,2025,6,SKU006,Lemon Soda 330ml,Beverages,BVG,8,4,3,7,183,161,183,2366.19,290,107,50,120,10,1,0,12.93,0,0,0,4
2025-08-24,34,8,3,2025,5,SKU005,Iced Tea 500ml,Beverages,BVG,6,3,1,18,175,155,175,2616.25,254,79,50,120,3,1,0,14.95,0,0,0,4
2025-04-22,17,4,2,2025,12,SKU012,Chocolate Cookies,Snacks,SNK,4,2,2,13,126,150,126,1969.48,176,50,50,120,6,6,0,16.99,8,0,0,1
2025-09-14,37,9,3,2025,33,SKU033,Fabric Softener,Home Care,HCR,5,1,2,9,171,214,171,1222.38,316,145,50,120,9,6,0,7.77,8,0,0,2
2025-07-11,28,7,3,2025,31,SKU031,Surface Cleaner,Personal Care,PCR,1,4,2,5,243,230,243,3223.15,336,93,50,120,2,4,0,16.58,20,0,0,0
2025-08-21,34,8,3,2025,13,SKU013,Nachos,Snacks,SNK,1,1,3,1,176,172,176,1562.88,339,163,50,120,9,1,0,8.88,0,0,0,1
2025-03-01,9,3,1,2025,32,SKU032,Toilet Cleaner,Home Care,HCR,3,1,4,19,178,203,127,980.44,127,0,50,120,13,1,0,7.72,0,1,51,2
2025-01-31,5,1,1,2025,32,SKU032,Toilet Cleaner,Home Care,HCR,2,2,4,6,156,183,156,2728.44,298,142,50,120,2,1,0,17.49,0,0,0,2
2025-06-04,23,6,2,2025,12,SKU012,Chocolate Cookies,Snacks,SNK,7,3,2,19,196,197,196,501.76,296,100,50,120,2,1,0,2.56,0,0,0,0
2025-08-04,32,8,3,2025,33,SKU033,Fabric Softener,Home Care,HCR,2,1,1,14,201,218,162,3131.46,162,0,50,120,7,1,0,19.33,0,1,39,4
2025-10-01,40,10,4,2025,26,SKU026,Face Wash,Personal Care,PCR,8,2,3,14,129,138,129,1901.72,323,194,50,120,6,2,0,16.38,10,0,0,2
2025-07-11,28,7,3,2025,13,SKU013,Nachos,Snacks,SNK,6,2,1,16,108,119,108,1037.34,314,206,50,120,14,3,0,11.3,15,0,0,4
2025-07-26,30,7,3,2025,26,SKU026,Face Wash,Personal Care,PCR,3,2,4,2,159,146,159,2199.45,255,96,50,120,4,2,0,15.37,10,0,0,0
2025-08-23,34,8,3,2025,28,SKU028,Hand Wash,Personal Care,PCR,1,1,4,8,204,224,204,738.48,252,48,50,120,4,1,0,3.62,0,0,0,1
2025-09-28,39,9,3,2025,10,SKU010,Cheese Crackers,Snacks,SNK,8,1,4,9,215,211,199,3436.73,199,0,50,120,8,1,0,17.27,0,1,16,2
2025-05-30,22,5,2,2025,4,SKU004,Energy Drink 250ml,Beverages,BVG,4,5,3,11,293,323,201,703.7,201,0,50,120,2,2,0,3.89,10,1,92,0
2025-10-02,40,10,4,2025,22,SKU022,Flavored Milk,Dairy,DAR,5,4,4,6,116,103,116,310.32,179,63,50,120,6,5,0,3.04,12,0,0,1
2025-07-14,29,7,3,2025,25,SKU025,Toothpaste,Personal Care,PCR,4,4,4,12,93,97,93,785.85,174,81,50,120,11,1,0,8.45,0,0,0,3
2025-01-14,3,1,1,2025,21,SKU021,Cream 250ml,Dairy,DAR,6,1,3,8,193,207,193,2518.65,331,138,50,120,11,1,0,13.05,0,0,0,1
2025-08-19,34,8,3,2025,6,SKU006,Lemon Soda 330ml,Beverages,BVG,3,5,3,10,213,214,213,660.3,302,89,50,120,14,1,0,3.1,0,0,0,1
2025-03-21,12,3,1,2025,25,SKU025,Toothpaste,Personal Care,PCR,6,4,1,6,99,121,99,322.74,167,68,50,120,13,1,0,3.26,0,0,0,1
2025-07-10,28,7,3,2025,16,SKU016,Corn Chips,Dairy,DAR,6,5,4,15,139,155,139,2696.6,323,184,50,120,4,1,0,19.4,0,0,0,3
2025-03-21,12,3,1,2025,11,SKU011,Salted Peanuts,Snacks,SNK,5,5,1,8,95,103,95,458.13,166,71,50,120,8,5,0,5.48,12,0,0,0
2025-02-21,8,2,1,2025,36,SKU036,Biscuits,Home Care,HCR,1,3,2,16,224,222,176,2486.53,176,0,50,120,6,4,0,17.66,20,1,48,1
2025-09-18,38,9,3,2025,20,SKU020,Cheese Slices,Dairy,DAR,6,1,1,11,192,166,130,1820.31,130,0,50,120,6,6,0,15.22,8,1,62,3
2025-02-15,7,2,1,2025,19,SKU019,Butter 200g,Dairy,DAR,5,3,3,3,185,208,185,2221.85,299,114,50,120,12,1,0,12.01,0,0,0,2
2025-04-15,16,4,2,2025,32,SKU032,Toilet Cleaner,Home Care,HCR,8,4,2,10,257,233,257,2275.99,269,12,50,120,7,2,0,9.84,10,0,0,4
2025-03-19,12,3,1,2025,28,SKU028,Hand Wash,Personal Care,PCR,3,3,1,12,289,236,289,2731.4,323,34,50,120,14,5,0,10.74,12,0,0,1
2025-04-22,17,4,2,2025,29,SKU029,Laundry Detergent,Personal Care,PCR,1,1,4,1,166,156,166,484.72,264,98,50,120,10,1,0,2.92,0,0,0,2
2025-12-24,52,12,4,2025,33,SKU033,Fabric Softener,Home Care,HCR,7,2,2,17,221,189,221,1244.23,294,73,50,120,5,1,4,5.63,0,0,0,4
2025-01-06,2,1,1,2025,10,SKU010,Cheese Crackers,Snacks,SNK,1,1,4,10,104,124,104,543.92,184,80,50,120,6,1,0,5.23,0,0,0,2
2025-12-03,49,12,4,2025,24,SKU024,Soap,Personal Care,PCR,6,2,3,14,145,134,145,1019.18,214,69,50,120,2,6,0,7.64,8,0,0,1
2025-07-10,28,7,3,2025,18,SKU018,Yogurt Cup,Dairy,DAR,3,3,3,6,182,214,182,544.18,183,1,50,120,12,1,0,2.99,0,0,0,2
2025-01-24,4,1,1,2025,4,SKU004,Energy Drink 250ml,Beverages,BVG,3,1,3,8,136,112,136,2201.84,290,154,50,120,14,1,0,16.19,0,0,0,2
2025-08-28,35,8,3,2025,35,SKU035,Cereal,Home Care,HCR,4,3,3,12,158,148,158,2475.86,285,127,50,120,4,1,0,15.67,0,0,0,4
2025-08-23,34,8,3,2025,26,SKU026,Face Wash,Personal Care,PCR,6,5,3,16,107,94,107,1036.83,229,122,50,120,10,1,0,9.69,0,0,0,3
2025-09-29,40,9,3,2025,1,SKU001,Cola 500ml,Beverages,BVG,3,3,2,10,251,229,196,1775.76,196,0,50,120,4,1,0,9.06,0,1,55,1
2025-02-12,7,2,1,2025,23,SKU023,Shampoo,Dairy,DAR,1,2,4,12,107,88,107,1616.77,214,107,50,120,6,1,0,15.11,0,0,0,1
2025-07-26,30,7,3,2025,25,SKU025,Toothpaste,Personal Care,PCR,8,4,2,3,245,211,245,1472.45,284,39,50,120,10,1,0,6.01,0,0,0,3
2025-11-12,46,11,4,2025,17,SKU017,Milk 1L,Dairy,DAR,6,1,1,6,214,235,214,3220.96,290,76,50,120,9,6,0,16.36,8,0,0,3
2025-07-27,30,7,3,2025,21,SKU021,Cream 250ml,Dairy,DAR,5,4,1,19,129,144,129,1170.03,345,216,50,120,4,1,0,9.07,0,0,0,1
2025-04-28,18,4,2,2025,9,SKU009,Potato Chips,Snacks,SNK,4,1,3,8,110,108,110,835.38,311,201,50,120,8,5,0,8.63,12,0,0,4
2025-11-06,45,11,4,2025,30,SKU030,Dishwashing Liquid,Personal Care,PCR,7,3,1,4,105,105,105,1295.45,262,157,50,120,3,5,0,14.02,12,0,0,4
2025-06-08,23,6,2,2025,10,SKU010,Cheese Crackers,Snacks,SNK,1,5,3,9,172,193,172,1604.76,204,32,50,120,11,1,0,9.33,0,0,0,4
2025-12-09,50,12,4,2025,26,SKU026,Face Wash,Personal Care,PCR,7,3,4,14,100,114,100,1908,227,127,50,120,7,1,0,19.08,0,0,0,4
2025-08-08,32,8,3,2025,22,SKU022,Flavored Milk,Dairy,DAR,4,3,4,3,157,145,157,1847.89,307,150,50,120,8,1,0,11.77,0,0,0,2
2025-01-17,3,1,1,2025,3,SKU003,Mineral Water 1.5L,Beverages,BVG,5,5,4,7,214,224,214,3822.04,276,62,50,120,5,1,0,17.86,0,0,0,3
2025-12-11,50,12,4,2025,18,SKU018,Yogurt Cup,Dairy,DAR,4,3,4,11,180,189,180,1368,250,70,50,120,4,1,0,7.6,0,0,0,0
2025-05-31,22,5,2,2025,38,SKU038,Cooking Oil,Home Care,HCR,5,2,1,2,161,184,161,2081.28,267,106,50,120,9,5,0,14.69,12,0,0,3
2025-08-10,32,8,3,2025,4,SKU004,Energy Drink 250ml,Beverages,BVG,4,5,4,11,239,260,239,1167.99,331,92,50,120,2,2,0,5.43,10,0,0,3
2025-06-13,24,6,2,2025,20,SKU020,Cheese Slices,Dairy,DAR,7,2,4,20,191,187,191,2181.22,253,62,50,120,2,1,0,11.42,0,0,0,0
2025-01-27,5,1,1,2025,19,SKU019,Butter 200g,Dairy,DAR,3,2,1,5,145,149,145,2208.35,231,86,50,120,13,1,0,15.23,0,0,0,2
2025-12-23,52,12,4,2025,39,SKU039,Rice,Home Care,HCR,5,1,3,19,171,162,171,1520.19,330,159,50,120,7,1,4,8.89,0,0,0,2
2025-06-10,24,6,2,2025,34,SKU034,Floor Cleaner,Home Care,HCR,2,1,2,18,234,224,122,1941.02,122,0,50,120,6,1,0,15.91,0,1,112,1
2025-01-19,3,1,1,2025,26,SKU026,Face Wash,Personal Care,PCR,1,3,2,9,184,176,184,3092.75,337,153,50,120,7,6,0,18.27,8,0,0,0
2025-06-17,25,6,2,2025,37,SKU037,Fruit Jam,Home Care,HCR,2,2,1,6,125,145,125,487.69,158,33,50,120,6,3,0,4.59,15,0,0,4
2025-08-16,33,8,3,2025,4,SKU004,Energy Drink 250ml,Beverages,BVG,3,2,3,13,249,293,123,1210.32,123,0,50,120,6,4,0,12.3,20,1,126,1
2025-07-31,31,7,3,2025,16,SKU016,Corn Chips,Dairy,DAR,8,1,2,8,117,107,117,1585.35,256,139,50,120,3,1,0,13.55,0,0,0,0
2025-07-24,30,7,3,2025,7,SKU007,Mango Juice 1L,Beverages,BVG,6,4,4,13,276,272,154,1596.98,154,0,50,120,12,1,0,10.37,0,1,122,4
2025-12-24,52,12,4,2025,21,SKU021,Cream 250ml,Dairy,DAR,8,2,4,7,134,149,134,1205.06,342,208,50,120,3,3,4,10.58,15,0,0,4
2025-11-15,46,11,4,2025,32,SKU032,Toilet Cleaner,Home Care,HCR,5,3,4,19,187,224,187,622.71,208,21,50,120,3,1,0,3.33,0,0,0,1
2025-01-20,4,1,1,2025,24,SKU024,Soap,Personal Care,PCR,2,5,1,2,216,245,216,664.85,339,123,50,120,8,2,0,3.42,10,0,0,3
2025-01-22,4,1,1,2025,25,SKU025,Toothpaste,Personal Care,PCR,5,1,4,18,204,198,204,1170.47,216,12,50,120,14,5,0,6.52,12,0,0,2
2025-01-02,1,1,1,2025,28,SKU028,Hand Wash,Personal Care,PCR,7,1,1,3,175,154,175,3151.75,233,58,50,120,13,1,1,18.01,0,0,0,1
2025-01-16,3,1,1,2025,12,SKU012,Chocolate Cookies,Snacks,SNK,7,2,2,13,137,153,137,365.52,316,179,50,120,9,6,0,2.9,8,0,0,3
2025-04-12,15,4,2,2025,15,SKU015,Pretzels,Snacks,SNK,7,4,1,3,76,86,76,627,177,101,50,120,14,1,0,8.25,0,0,0,1
2025-02-11,7,2,1,2025,21,SKU021,Cream 250ml,Dairy,DAR,5,4,4,3,158,179,158,2360.52,219,61,50,120,14,1,0,14.94,0,0,0,3
2025-11-24,48,11,4,2025,36,SKU036,Biscuits,Home Care,HCR,1,5,3,6,129,157,129,2275.56,289,160,50,120,3,1,0,17.64,0,0,0,2
2025-07-30,31,7,3,2025,11,SKU011,Salted Peanuts,Snacks,SNK,8,5,3,8,124,128,124,1029.2,333,209,50,120,8,1,0,8.3,0,0,0,4
2025-12-11,50,12,4,2025,16,SKU016,Corn Chips,Dairy,DAR,4,1,4,17,156,169,156,1015.56,173,17,50,120,5,1,0,6.51,0,0,0,1
2025-03-23,12,3,1,2025,16,SKU016,Corn Chips,Dairy,DAR,7,2,2,18,185,154,128,2337.28,128,0,50,120,12,1,0,18.26,0,1,57,1
2025-04-29,18,4,2,2025,23,SKU023,Shampoo,Dairy,DAR,6,4,4,1,168,154,168,672,169,1,50,120,5,1,0,4,0,0,0,0
2025-01-09,2,1,1,2025,9,SKU009,Potato Chips,Snacks,SNK,2,5,1,9,141,180,141,260.74,177,36,50,120,4,6,0,2.01,8,0,0,0
2025-04-25,17,4,2,2025,31,SKU031,Surface Cleaner,Personal Care,PCR,1,3,3,4,256,220,256,1743.67,263,7,50,120,10,5,0,7.74,12,0,0,1
2025-02-22,8,2,1,2025,22,SKU022,Flavored Milk,Dairy,DAR,6,5,2,12,219,178,219,1824.27,238,19,50,120,5,1,0,8.33,0,0,0,2
2025-11-21,47,11,4,2025,14,SKU014,Popcorn,Snacks,SNK,7,1,2,19,117,100,117,1627.47,309,192,50,120,3,1,0,13.91,0,0,0,3
2025-04-18,16,4,2,2025,30,SKU030,Dishwashing Liquid,Personal Care,PCR,3,3,2,8,110,118,110,547.91,160,50,50,120,8,3,0,5.86,15,0,0,0
2025-04-07,15,4,2,2025,12,SKU012,Chocolate Cookies,Snacks,SNK,8,4,1,3,150,161,150,1174.5,257,107,50,120,6,1,0,7.83,0,0,0,1
2025-12-25,52,12,4,2025,10,SKU010,Cheese Crackers,Snacks,SNK,7,3,3,15,164,189,164,2231.79,208,44,50,120,4,3,4,16.01,15,0,0,0
2025-08-05,32,8,3,2025,13,SKU013,Nachos,Snacks,SNK,1,1,3,6,155,143,155,1609.52,172,17,50,120,14,5,0,11.8,12,0,0,4
2025-04-03,14,4,2,2025,24,SKU024,Soap,Personal Care,PCR,8,3,2,5,239,215,150,1509,150,0,50,120,14,1,0,10.06,0,1,89,3
2025-10-14,42,10,4,2025,14,SKU014,Popcorn,Snacks,SNK,4,5,1,20,145,123,145,1370.25,227,82,50,120,12,1,0,9.45,0,0,0,2
2025-11-05,45,11,4,2025,11,SKU011,Salted Peanuts,Snacks,SNK,8,1,3,9,188,173,188,3325.72,206,18,50,120,11,1,0,17.69,0,0,0,2
2025-01-24,4,1,1,2025,30,SKU030,Dishwashing Liquid,Personal Care,PCR,7,4,4,20,179,160,143,2398.11,143,0,50,120,6,1,0,16.77,0,1,36,0
2025-04-28,18,4,2,2025,5,SKU005,Iced Tea 500ml,Beverages,BVG,3,4,3,6,238,218,139,1230.15,139,0,50,120,5,1,0,8.85,0,1,99,0
2025-12-12,50,12,4,2025,5,SKU005,Iced Tea 500ml,Beverages,BVG,7,1,3,20,214,259,214,2861.29,319,105,50,120,2,3,0,15.73,15,0,0,0
2025-07-03,27,7,3,2025,33,SKU033,Fabric Softener,Home Care,HCR,5,2,3,5,196,216,196,3160.4,334,138,50,120,2,3,0,18.97,15,0,0,0
2025-09-04,36,9,3,2025,15,SKU015,Pretzels,Snacks,SNK,5,3,3,9,110,114,110,1205.6,235,125,50,120,13,1,0,10.96,0,0,0,4
2025-09-22,39,9,3,2025,3,SKU003,Mineral Water 1.5L,Beverages,BVG,8,4,4,3,119,108,119,2117.01,306,187,50,120,5,1,0,17.79,0,0,0,0
2025-10-31,44,10,4,2025,27,SKU027,Body Lotion,Personal Care,PCR,4,1,4,18,210,204,165,2873.51,165,0,50,120,2,5,0,19.79,12,1,45,2
2025-10-04,40,10,4,2025,5,SKU005,Iced Tea 500ml,Beverages,BVG,4,3,3,5,162,207,162,2789.64,326,164,50,120,7,1,0,17.22,0,0,0,2
2025-05-05,19,5,2,2025,32,SKU032,Toilet Cleaner,Home Care,HCR,5,1,2,8,165,180,165,1691.42,271,106,50,120,2,2,0,11.39,10,0,0,1
2025-08-02,31,8,3,2025,18,SKU018,Yogurt Cup,Dairy,DAR,8,3,2,19,223,222,223,1032.49,294,71,50,120,6,1,0,4.63,0,0,0,0
2025-07-14,29,7,3,2025,33,SKU033,Fabric Softener,Home Care,HCR,3,3,3,14,241,211,241,3611.72,263,22,50,120,9,5,0,17.03,12,0,0,0
2025-07-05,27,7,3,2025,21,SKU021,Cream 250ml,Dairy,DAR,6,4,3,3,168,143,168,2294.88,227,59,50,120,14,1,0,13.66,0,0,0,0
2025-11-28,48,11,4,2025,29,SKU029,Laundry Detergent,Personal Care,PCR,5,1,4,5,142,143,142,1587.56,236,94,50,120,7,1,0,11.18,0,0,0,3
2025-02-21,8,2,1,2025,22,SKU022,Flavored Milk,Dairy,DAR,2,5,4,5,178,191,178,3187.98,184,6,50,120,13,1,0,17.91,0,0,0,3
2025-10-21,43,10,4,2025,40,SKU040,Tea Pack,Home Care,HCR,1,2,3,1,147,185,147,2768.01,209,62,50,120,4,1,0,18.83,0,0,0,1
2025-09-05,36,9,3,2025,2,SKU002,Orange Juice 1L,Beverages,BVG,1,5,4,14,202,202,202,2817.9,251,49,50,120,3,1,0,13.95,0,0,0,3
2025-10-09,41,10,4,2025,12,SKU012,Chocolate Cookies,Snacks,SNK,8,4,4,16,94,88,94,1542.54,329,235,50,120,9,1,0,16.41,0,0,0,2
2025-09-28,39,9,3,2025,18,SKU018,Yogurt Cup,Dairy,DAR,5,4,1,10,133,128,133,1698.41,291,158,50,120,10,1,0,12.77,0,0,0,2
2025-03-26,13,3,1,2025,16,SKU016,Corn Chips,Dairy,DAR,6,4,2,16,98,99,98,371.52,132,34,50,120,12,3,0,4.46,15,0,0,0
2025-06-28,26,6,2,2025,11,SKU011,Salted Peanuts,Snacks,SNK,1,2,3,6,129,124,129,478.59,297,168,50,120,9,1,0,3.71,0,0,0,0
2025-02-19,8,2,1,2025,32,SKU032,Toilet Cleaner,Home Care,HCR,1,2,4,13,127,118,127,513.08,350,223,50,120,6,1,0,4.04,0,0,0,2
2025-06-07,23,6,2,2025,21,SKU021,Cream 250ml,Dairy,DAR,8,5,2,12,144,150,144,1330.56,210,66,50,120,10,1,0,9.24,0,0,0,0
2025-01-08,2,1,1,2025,32,SKU032,Toilet Cleaner,Home Care,HCR,7,4,2,3,175,182,175,2201.5,304,129,50,120,5,1,0,12.58,0,0,0,2
2025-07-23,30,7,3,2025,6,SKU006,Lemon Soda 330ml,Beverages,BVG,6,5,3,13,269,279,134,2130.6,134,0,50,120,5,1,0,15.9,0,1,135,2
2025-09-26,39,9,3,2025,13,SKU013,Nachos,Snacks,SNK,7,3,1,8,161,141,161,394.13,194,33,50,120,12,3,0,2.88,15,0,0,2
2025-07-16,29,7,3,2025,2,SKU002,Orange Juice 1L,Beverages,BVG,4,2,4,2,279,234,253,2018.94,253,0,50,120,13,1,0,7.98,0,1,26,0
2025-05-05,19,5,2,2025,13,SKU013,Nachos,Snacks,SNK,2,3,1,15,179,219,179,3055.53,246,67,50,120,2,1,0,17.07,0,0,0,1
2025-05-30,22,5,2,2025,6,SKU006,Lemon Soda 330ml,Beverages,BVG,4,4,1,20,148,157,148,2949.64,188,40,50,120,10,1,0,19.93,0,0,0,1
2025-07-12,28,7,3,2025,6,SKU006,Lemon Soda 330ml,Beverages,BVG,6,5,3,13,284,259,284,2999.04,311,27,50,120,2,4,0,13.2,20,0,0,3
2025-07-27,30,7,3,2025,28,SKU028,Hand Wash,Personal Care,PCR,3,2,4,10,152,191,152,629.28,219,67,50,120,2,1,0,4.14,0,0,0,3
2025-01-31,5,1,1,2025,8,SKU008,Sparkling Water 500ml,Snacks,SNK,3,1,1,4,145,135,145,1527.43,240,95,50,120,2,6,0,11.45,8,0,0,1
2025-11-24,48,11,4,2025,3,SKU003,Mineral Water 1.5L,Beverages,BVG,8,2,2,13,161,172,154,2037.42,154,0,50,120,12,1,0,13.23,0,1,7,4
2025-09-15,38,9,3,2025,31,SKU031,Surface Cleaner,Personal Care,PCR,6,1,3,9,82,80,82,662.56,178,96,50,120,11,1,0,8.08,0,0,0,4
2025-03-16,11,3,1,2025,33,SKU033,Fabric Softener,Home Care,HCR,3,5,2,11,146,149,141,1654.78,141,0,50,120,10,2,0,13.04,10,1,5,2
2025-03-13,11,3,1,2025,2,SKU002,Orange Juice 1L,Beverages,BVG,2,2,1,18,106,122,106,1586.69,177,71,50,120,3,5,0,17.01,12,0,0,1
2025-07-06,27,7,3,2025,33,SKU033,Fabric Softener,Home Care,HCR,3,3,2,10,248,223,166,2810.71,166,0,50,120,6,3,0,19.92,15,1,82,1
2025-06-26,26,6,2,2025,13,SKU013,Nachos,Snacks,SNK,4,3,4,20,140,163,140,1909.6,266,126,50,120,11,1,0,13.64,0,0,0,4
2025-01-23,4,1,1,2025,22,SKU022,Flavored Milk,Dairy,DAR,1,1,1,16,187,171,187,2855.49,314,127,50,120,8,1,0,15.27,0,0,0,4
2025-07-14,29,7,3,2025,7,SKU007,Mango Juice 1L,Beverages,BVG,3,4,3,2,165,145,121,991.47,121,0,50,120,14,3,0,9.64,15,1,44,4
2025-07-28,31,7,3,2025,36,SKU036,Biscuits,Home Care,HCR,5,3,2,6,119,144,119,1479.17,143,24,50,120,9,1,0,12.43,0,0,0,2
2025-06-14,24,6,2,2025,17,SKU017,Milk 1L,Dairy,DAR,1,2,4,9,139,144,139,1408.07,341,202,50,120,4,1,0,10.13,0,0,0,4
2025-06-11,24,6,2,2025,18,SKU018,Yogurt Cup,Dairy,DAR,4,5,4,10,89,83,89,1013.71,249,160,50,120,6,1,0,11.39,0,0,0,1
2025-04-20,16,4,2,2025,5,SKU005,Iced Tea 500ml,Beverages,BVG,1,5,2,15,214,244,214,2044.13,313,99,50,120,2,4,0,11.94,20,0,0,1
2025-12-20,51,12,4,2025,2,SKU002,Orange Juice 1L,Beverages,BVG,1,3,3,10,132,144,132,1075.8,252,120,50,120,11,1,0,8.15,0,0,0,0
2025-12-03,49,12,4,2025,24,SKU024,Soap,Personal Care,PCR,4,2,1,15,155,180,155,2834.95,183,28,50,120,12,1,0,18.29,0,0,0,2
2025-05-21,21,5,2,2025,37,SKU037,Fruit Jam,Home Care,HCR,5,1,4,8,162,197,162,1697.76,217,55,50,120,7,1,0,10.48,0,0,0,2
2025-11-05,45,11,4,2025,29,SKU029,Laundry Detergent,Personal Care,PCR,2,1,2,16,202,179,202,1563.48,267,65,50,120,5,1,0,7.74,0,0,0,2
2025-05-02,18,5,2,2025,25,SKU025,Toothpaste,Personal Care,PCR,4,5,3,15,170,151,170,1241.82,214,44,50,120,12,6,0,7.94,8,0,0,0
2025-07-10,28,7,3,2025,18,SKU018,Yogurt Cup,Dairy,DAR,1,3,2,5,91,99,91,951.86,342,251,50,120,11,1,0,10.46,0,0,0,0
2025-02-21,8,2,1,2025,37,SKU037,Fruit Jam,Home Care,HCR,6,5,4,18,177,162,177,2545.26,201,24,50,120,13,1,0,14.38,0,0,0,4
2025-06-12,24,6,2,2025,15,SKU015,Pretzels,Snacks,SNK,2,4,2,5,109,110,109,648.55,122,13,50,120,3,1,0,5.95,0,0,0,2
2025-07-18,29,7,3,2025,10,SKU010,Cheese Crackers,Snacks,SNK,1,2,4,18,178,182,178,895.34,286,108,50,120,7,1,0,5.03,0,0,0,2
2025-05-27,22,5,2,2025,14,SKU014,Popcorn,Snacks,SNK,3,3,2,14,146,124,125,1223.75,125,0,50,120,6,1,0,9.79,0,1,21,4
2025-07-10,28,7,3,2025,7,SKU007,Mango Juice 1L,Beverages,BVG,6,2,4,3,278,276,278,1442.82,298,20,50,120,2,1,0,5.19,0,0,0,2
2025-10-20,43,10,4,2025,22,SKU022,Flavored Milk,Dairy,DAR,7,1,3,12,184,209,184,649.15,266,82,50,120,13,4,0,4.41,20,0,0,0
2025-06-13,24,6,2,2025,9,SKU009,Potato Chips,Snacks,SNK,2,4,1,19,71,87,71,1006.78,190,119,50,120,10,1,0,14.18,0,0,0,1
2025-04-24,17,4,2,2025,10,SKU010,Cheese Crackers,Snacks,SNK,4,4,2,19,180,190,157,367.38,157,0,50,120,2,1,0,2.34,0,1,23,0
2025-03-20,12,3,1,2025,10,SKU010,Cheese Crackers,Snacks,SNK,6,4,1,14,126,134,126,1523.34,255,129,50,120,7,1,0,12.09,0,0,0,3
2025-08-14,33,8,3,2025,3,SKU003,Mineral Water 1.5L,Beverages,BVG,1,3,2,5,293,282,293,1828.03,315,22,50,120,10,3,0,7.34,15,0,0,1
2025-08-04,32,8,3,2025,8,SKU008,Sparkling Water 500ml,Snacks,SNK,6,3,2,2,152,172,139,1257.95,139,0,50,120,13,1,0,9.05,0,1,13,0
2025-11-29,48,11,4,2025,27,SKU027,Body Lotion,Personal Care,PCR,6,2,1,13,195,178,195,2878.2,219,24,50,120,14,1,0,14.76,0,0,0,4
2025-11-23,47,11,4,2025,38,SKU038,Cooking Oil,Home Care,HCR,6,1,2,15,175,168,175,768.25,305,130,50,120,5,1,0,4.39,0,0,0,3
2025-04-27,17,4,2,2025,17,SKU017,Milk 1L,Dairy,DAR,4,2,2,2,110,117,110,1203.4,241,131,50,120,2,1,0,10.94,0,0,0,3
2025-03-10,11,3,1,2025,28,SKU028,Hand Wash,Personal Care,PCR,1,3,4,2,138,120,138,594.17,285,147,50,120,2,6,0,4.68,8,0,0,1
2025-12-31,1,12,4,2025,36,SKU036,Biscuits,Home Care,HCR,7,5,1,17,160,167,160,2598.4,285,125,50,120,6,1,4,16.24,0,0,0,4
2025-05-12,20,5,2,2025,5,SKU005,Iced Tea 500ml,Beverages,BVG,7,4,2,11,190,210,190,3285.1,269,79,50,120,10,1,0,17.29,0,0,0,1
2025-12-20,51,12,4,2025,17,SKU017,Milk 1L,Dairy,DAR,8,2,2,4,231,253,227,1663,227,0,50,120,4,2,0,8.14,10,1,4,3
2025-03-24,13,3,1,2025,13,SKU013,Nachos,Snacks,SNK,5,5,3,17,191,200,191,1638.78,218,27,50,120,6,1,0,8.58,0,0,0,0
2025-07-03,27,7,3,2025,28,SKU028,Hand Wash,Personal Care,PCR,7,1,4,3,178,160,124,1590.92,124,0,50,120,8,1,0,12.83,0,1,54,4
2025-12-20,51,12,4,2025,7,SKU007,Mango Juice 1L,Beverages,BVG,1,1,2,19,214,252,214,1820.82,216,2,50,120,11,3,0,10.01,15,0,0,4
2025-07-15,29,7,3,2025,23,SKU023,Shampoo,Dairy,DAR,1,2,1,4,143,181,143,2794.22,332,189,50,120,9,1,0,19.54,0,0,0,2
2025-11-16,46,11,4,2025,28,SKU028,Hand Wash,Personal Care,PCR,2,4,2,15,131,144,131,1852.34,166,35,50,120,9,1,0,14.14,0,0,0,3
2025-03-13,11,3,1,2025,28,SKU028,Hand Wash,Personal Care,PCR,3,2,4,13,112,101,112,751.52,348,236,50,120,9,1,0,6.71,0,0,0,0
2025-06-15,24,6,2,2025,21,SKU021,Cream 250ml,Dairy,DAR,3,5,1,12,152,138,152,1067.19,161,9,50,120,4,3,0,8.26,15,0,0,4
2025-08-20,34,8,3,2025,33,SKU033,Fabric Softener,Home Care,HCR,3,4,4,6,165,176,165,3077.25,330,165,50,120,7,1,0,18.65,0,0,0,2
2025-06-21,25,6,2,2025,3,SKU003,Mineral Water 1.5L,Beverages,BVG,6,5,3,11,232,218,232,1664.14,331,99,50,120,13,2,0,7.97,10,0,0,0
2025-12-17,51,12,4,2025,15,SKU015,Pretzels,Snacks,SNK,3,4,4,10,218,222,218,695.42,270,52,50,120,12,1,0,3.19,0,0,0,0
2025-04-24,17,4,2,2025,22,SKU022,Flavored Milk,Dairy,DAR,8,3,2,5,167,168,167,1559.25,297,130,50,120,14,5,0,10.61,12,0,0,1
2025-06-16,25,6,2,2025,19,SKU019,Butter 200g,Dairy,DAR,7,3,3,17,194,186,194,415.16,323,129,50,120,12,1,0,2.14,0,0,0,1
2025-12-04,49,12,4,2025,26,SKU026,Face Wash,Personal Care,PCR,7,5,4,8,235,240,235,3715.35,263,28,50,120,7,3,0,18.6,15,0,0,1
2025-06-10,24,6,2,2025,38,SKU038,Cooking Oil,Home Care,HCR,8,5,3,10,150,140,150,1644,312,162,50,120,12,1,0,10.96,0,0,0,2
2025-09-18,38,9,3,2025,8,SKU008,Sparkling Water 500ml,Snacks,SNK,6,5,1,15,265,252,265,2650,327,62,50,120,9,4,0,12.5,20,0,0,1
2025-10-20,43,10,4,2025,10,SKU010,Cheese Crackers,Snacks,SNK,5,1,3,16,128,119,128,969.16,243,115,50,120,11,6,0,8.23,8,0,0,4
2025-08-01,31,8,3,2025,12,SKU012,Chocolate Cookies,Snacks,SNK,2,5,3,7,237,207,237,3931.83,286,49,50,120,13,1,0,16.59,0,0,0,0
2025-06-16,25,6,2,2025,21,SKU021,Cream 250ml,Dairy,DAR,8,1,3,2,113,115,113,1659.97,212,99,50,120,13,1,0,14.69,0,0,0,4
2025-07-01,27,7,3,2025,27,SKU027,Body Lotion,Personal Care,PCR,6,2,3,10,113,125,113,1605.73,228,115,50,120,7,1,0,14.21,0,0,0,2
2025-05-18,20,5,2,2025,24,SKU024,Soap,Personal Care,PCR,6,3,2,14,203,182,203,2003.31,262,59,50,120,6,3,0,11.61,15,0,0,0
2025-03-30,13,3,1,2025,9,SKU009,Potato Chips,Snacks,SNK,3,3,3,16,153,179,153,2536.74,322,169,50,120,4,1,0,16.58,0,0,0,3
2025-08-16,33,8,3,2025,4,SKU004,Energy Drink 250ml,Beverages,BVG,5,5,4,2,258,266,257,1583.12,257,0,50,120,6,1,0,6.16,0,1,1,1
2025-08-22,34,8,3,2025,20,SKU020,Cheese Slices,Dairy,DAR,2,3,1,9,94,80,94,955.98,174,80,50,120,13,1,0,10.17,0,0,0,4
2025-03-06,10,3,1,2025,10,SKU010,Cheese Crackers,Snacks,SNK,3,4,3,3,74,78,74,822.14,196,122,50,120,6,1,0,11.11,0,0,0,0
2025-06-29,26,6,2,2025,33,SKU033,Fabric Softener,Home Care,HCR,6,1,4,1,225,200,217,2052.82,217,0,50,120,11,1,0,9.46,0,1,8,2
2025-07-31,31,7,3,2025,13,SKU013,Nachos,Snacks,SNK,3,1,1,2,99,93,99,1608.75,312,213,50,120,11,1,0,16.25,0,0,0,4
2025-11-15,46,11,4,2025,34,SKU034,Floor Cleaner,Home Care,HCR,4,2,3,12,102,85,102,1507.56,226,124,50,120,9,1,0,14.78,0,0,0,1
2025-07-20,29,7,3,2025,14,SKU014,Popcorn,Snacks,SNK,2,2,3,14,125,117,125,1335,216,91,50,120,11,1,0,10.68,0,0,0,2
2025-08-05,32,8,3,2025,26,SKU026,Face Wash,Personal Care,PCR,5,1,1,17,203,185,203,408.03,301,98,50,120,9,1,0,2.01,0,0,0,2
2025-02-15,7,2,1,2025,29,SKU029,Laundry Detergent,Personal Care,PCR,1,1,1,20,123,105,123,1843.77,183,60,50,120,10,1,0,14.99,0,0,0,0
2025-09-16,38,9,3,2025,15,SKU015,Pretzels,Snacks,SNK,6,1,2,9,79,80,79,1246.62,271,192,50,120,14,1,0,15.78,0,0,0,1
2025-10-12,41,10,4,2025,36,SKU036,Biscuits,Home Care,HCR,8,1,1,13,150,154,150,673.5,279,129,50,120,5,1,0,4.49,0,0,0,2
2025-02-01,5,2,1,2025,10,SKU010,Cheese Crackers,Snacks,SNK,3,1,2,5,181,192,131,843.64,131,0,50,120,8,1,0,6.44,0,1,50,1
2025-01-29,5,1,1,2025,7,SKU007,Mango Juice 1L,Beverages,BVG,5,3,3,11,102,85,102,1849.26,238,136,50,120,14,1,0,18.13,0,0,0,1
2025-06-05,23,6,2,2025,3,SKU003,Mineral Water 1.5L,Beverages,BVG,1,3,4,4,256,284,256,2257.92,287,31,50,120,11,1,0,8.82,0,0,0,4
2025-11-17,47,11,4,2025,15,SKU015,Pretzels,Snacks,SNK,3,3,3,5,159,158,157,1137.47,157,0,50,120,10,2,0,8.05,10,1,2,0
2025-11-18,47,11,4,2025,8,SKU008,Sparkling Water 500ml,Snacks,SNK,2,5,1,3,224,197,224,3403.01,259,35,50,120,12,2,0,16.88,10,0,0,1
2025-07-16,29,7,3,2025,7,SKU007,Mango Juice 1L,Beverages,BVG,6,4,1,6,195,194,195,3346.2,244,49,50,120,12,1,0,17.16,0,0,0,3
2025-04-25,17,4,2,2025,18,SKU018,Yogurt Cup,Dairy,DAR,5,3,3,6,188,171,135,2247.75,135,0,50,120,6,1,0,16.65,0,1,53,1
2025-08-22,34,8,3,2025,18,SKU018,Yogurt Cup,Dairy,DAR,6,3,3,6,117,118,117,494.91,177,60,50,120,10,1,0,4.23,0,0,0,1
2025-02-10,7,2,1,2025,18,SKU018,Yogurt Cup,Dairy,DAR,8,4,3,15,246,210,128,625.92,128,0,50,120,11,1,0,4.89,0,1,118,2
2025-06-06,23,6,2,2025,12,SKU012,Chocolate Cookies,Snacks,SNK,7,4,1,10,175,178,175,2063.6,247,72,50,120,13,4,0,14.74,20,0,0,2
2025-07-29,31,7,3,2025,17,SKU017,Milk 1L,Dairy,DAR,3,3,4,7,87,99,87,381.06,290,203,50,120,12,1,0,4.38,0,0,0,2
2025-04-28,18,4,2,2025,23,SKU023,Shampoo,Dairy,DAR,3,5,3,1,190,192,190,3640.4,333,143,50,120,14,1,0,19.16,0,0,0,0
2025-06-14,24,6,2,2025,26,SKU026,Face Wash,Personal Care,PCR,3,2,2,19,167,183,167,2695.38,213,46,50,120,4,1,0,16.14,0,0,0,0
2025-01-30,5,1,1,2025,27,SKU027,Body Lotion,Personal Care,PCR,3,4,3,19,86,98,86,1020.3,283,197,50,120,13,4,0,14.83,20,0,0,4
2025-05-03,18,5,2,2025,8,SKU008,Sparkling Water 500ml,Snacks,SNK,1,3,2,12,157,157,149,1451.26,149,0,50,120,10,1,0,9.74,0,1,8,4
2025-10-18,42,10,4,2025,24,SKU024,Soap,Personal Care,PCR,7,2,2,20,222,220,201,1644.18,201,0,50,120,11,1,0,8.18,0,1,21,3
2025-07-19,29,7,3,2025,8,SKU008,Sparkling Water 500ml,Snacks,SNK,5,1,1,7,71,79,71,1393.02,310,239,50,120,8,1,0,19.62,0,0,0,4
2025-02-27,9,2,1,2025,28,SKU028,Hand Wash,Personal Care,PCR,6,1,4,20,141,146,141,2695.92,233,92,50,120,10,1,0,19.12,0,0,0,4
2025-07-31,31,7,3,2025,31,SKU031,Surface Cleaner,Personal Care,PCR,8,1,2,17,181,157,181,684.18,213,32,50,120,6,1,0,3.78,0,0,0,3
2025-09-11,37,9,3,2025,37,SKU037,Fruit Jam,Home Care,HCR,3,1,2,17,220,191,220,2261.6,231,11,50,120,13,1,0,10.28,0,0,0,4
2025-04-04,14,4,2,2025,22,SKU022,Flavored Milk,Dairy,DAR,7,5,3,10,260,237,219,3212.64,219,0,50,120,2,5,0,16.67,12,1,41,1
2025-07-13,28,7,3,2025,39,SKU039,Rice,Home Care,HCR,7,3,2,15,112,109,112,558.84,206,94,50,120,6,5,0,5.67,12,0,0,1
2025-07-20,29,7,3,2025,3,SKU003,Mineral Water 1.5L,Beverages,BVG,1,4,1,7,245,265,245,3868.55,256,11,50,120,7,1,0,15.79,0,0,0,4
2025-09-10,37,9,3,2025,10,SKU010,Cheese Crackers,Snacks,SNK,7,5,2,14,82,89,82,162.2,166,84,50,120,12,6,0,2.15,8,0,0,4
2025-05-14,20,5,2,2025,19,SKU019,Butter 200g,Dairy,DAR,8,3,3,7,188,178,182,2675.4,182,0,50,120,8,1,0,14.7,0,1,6,0
2025-05-28,22,5,2,2025,11,SKU011,Salted Peanuts,Snacks,SNK,1,4,2,17,254,242,225,1935.45,225,0,50,120,11,6,0,9.35,8,1,29,3
2025-04-27,17,4,2,2025,11,SKU011,Salted Peanuts,Snacks,SNK,8,2,2,3,137,113,137,2161.86,256,119,50,120,11,1,0,15.78,0,0,0,1
2025-03-30,13,3,1,2025,12,SKU012,Chocolate Cookies,Snacks,SNK,7,5,1,5,182,167,160,1661.89,160,0,50,120,7,6,0,11.29,8,1,22,2
2025-04-03,14,4,2,2025,31,SKU031,Surface Cleaner,Personal Care,PCR,4,1,4,19,246,213,221,3422.63,221,0,50,120,12,3,0,18.22,15,1,25,2
2025-03-03,10,3,1,2025,26,SKU026,Face Wash,Personal Care,PCR,6,2,1,3,151,150,133,2123.08,133,0,50,120,8,3,0,18.78,15,1,18,2
2025-03-02,9,3,1,2025,26,SKU026,Face Wash,Personal Care,PCR,3,2,2,14,108,108,108,1073.52,336,228,50,120,11,1,0,9.94,0,0,0,0
2025-05-02,18,5,2,2025,12,SKU012,Chocolate Cookies,Snacks,SNK,8,2,1,10,158,185,158,1236.07,212,54,50,120,9,5,0,8.89,12,0,0,2
2025-10-23,43,10,4,2025,17,SKU017,Milk 1L,Dairy,DAR,5,2,1,18,115,119,115,749.89,229,114,50,120,4,5,0,7.41,12,0,0,1
2025-04-26,17,4,2,2025,19,SKU019,Butter 200g,Dairy,DAR,5,5,4,19,206,173,157,806.98,157,0,50,120,10,1,0,5.14,0,1,49,1
2025-06-11,24,6,2,2025,27,SKU027,Body Lotion,Personal Care,PCR,1,5,4,9,98,118,98,693.84,314,216,50,120,3,1,0,7.08,0,0,0,0
2025-11-17,47,11,4,2025,32,SKU032,Toilet Cleaner,Home Care,HCR,8,5,4,17,163,146,149,539.53,149,0,50,120,5,3,0,4.26,15,1,14,2
2025-09-26,39,9,3,2025,24,SKU024,Soap,Personal Care,PCR,2,1,4,11,231,193,231,709.17,236,5,50,120,12,1,0,3.07,0,0,0,0
2025-08-10,32,8,3,2025,33,SKU033,Fabric Softener,Home Care,HCR,7,4,2,8,195,233,195,1549.08,251,56,50,120,4,4,0,9.93,20,0,0,4
2025-06-18,25,6,2,2025,25,SKU025,Toothpaste,Personal Care,PCR,8,5,2,5,204,219,137,341.57,137,0,50,120,13,6,0,2.71,8,1,67,1
2025-03-25,13,3,1,2025,17,SKU017,Milk 1L,Dairy,DAR,2,3,1,12,77,89,77,605.99,227,150,50,120,8,1,0,7.87,0,0,0,0
2025-11-03,45,11,4,2025,15,SKU015,Pretzels,Snacks,SNK,6,3,1,13,250,241,225,2620.35,225,0,50,120,13,2,0,12.94,10,1,25,1
2025-10-28,44,10,4,2025,26,SKU026,Face Wash,Personal Care,PCR,7,3,4,11,93,89,93,398.41,296,203,50,120,12,3,0,5.04,15,0,0,4
2025-07-04,27,7,3,2025,19,SKU019,Butter 200g,Dairy,DAR,7,1,2,17,145,163,145,2460.65,307,162,50,120,6,1,0,16.97,0,0,0,0
2025-03-31,14,3,1,2025,39,SKU039,Rice,Home Care,HCR,8,3,2,17,129,140,129,2269.16,221,92,50,120,8,6,0,19.12,8,0,0,2
2025-09-16,38,9,3,2025,31,SKU031,Surface Cleaner,Personal Care,PCR,1,5,4,14,181,176,181,1632.62,184,3,50,120,5,5,0,10.25,12,0,0,3
2025-06-08,23,6,2,2025,27,SKU027,Body Lotion,Personal Care,PCR,6,1,3,17,181,182,181,1070.25,255,74,50,120,6,2,0,6.57,10,0,0,3
2025-10-03,40,10,4,2025,35,SKU035,Cereal,Home Care,HCR,3,2,1,11,129,118,129,2373.6,185,56,50,120,10,1,0,18.4,0,0,0,2
2025-04-29,18,4,2,2025,16,SKU016,Corn Chips,Dairy,DAR,3,4,1,16,95,90,95,449.35,342,247,50,120,5,1,0,4.73,0,0,0,1
2025-03-04,10,3,1,2025,26,SKU026,Face Wash,Personal Care,PCR,7,5,2,13,287,249,287,1485.23,298,11,50,120,13,2,0,5.75,10,0,0,0
2025-02-22,8,2,1,2025,4,SKU004,Energy Drink 250ml,Beverages,BVG,4,3,2,5,265,232,124,1744.28,124,0,50,120,5,6,0,15.29,8,1,141,1
2025-10-09,41,10,4,2025,22,SKU022,Flavored Milk,Dairy,DAR,8,5,4,8,234,239,234,1834.33,266,32,50,120,8,2,0,8.71,10,0,0,3
2025-07-03,27,7,3,2025,16,SKU016,Corn Chips,Dairy,DAR,8,1,3,5,184,176,184,2263.64,269,85,50,120,7,5,0,13.98,12,0,0,2
2025-10-14,42,10,4,2025,34,SKU034,Floor Cleaner,Home Care,HCR,4,2,4,15,164,138,150,717.6,150,0,50,120,5,4,0,5.98,20,1,14,3
2025-11-22,47,11,4,2025,29,SKU029,Laundry Detergent,Personal Care,PCR,8,3,1,18,177,171,135,1415.88,135,0,50,120,2,4,0,13.11,20,1,42,4
2025-01-02,1,1,1,2025,24,SKU024,Soap,Personal Care,PCR,4,1,4,14,179,142,179,977.34,219,40,50,120,5,1,1,5.46,0,0,0,0
2025-12-06,49,12,4,2025,11,SKU011,Salted Peanuts,Snacks,SNK,6,2,2,5,110,107,110,483.12,142,32,50,120,6,4,0,5.49,20,0,0,2
2025-11-27,48,11,4,2025,32,SKU032,Toilet Cleaner,Home Care,HCR,4,1,3,5,174,145,174,2754.42,328,154,50,120,13,1,0,15.83,0,0,0,4
2025-08-14,33,8,3,2025,14,SKU014,Popcorn,Snacks,SNK,2,4,1,16,116,141,116,1872.24,313,197,50,120,14,1,0,16.14,0,0,0,2
2025-07-14,29,7,3,2025,9,SKU009,Potato Chips,Snacks,SNK,5,4,4,10,125,127,125,986.25,130,5,50,120,7,1,0,7.89,0,0,0,2
2025-02-19,8,2,1,2025,17,SKU017,Milk 1L,Dairy,DAR,1,2,4,5,83,87,83,1353.73,209,126,50,120,7,1,0,16.31,0,0,0,2
2025-02-27,9,2,1,2025,19,SKU019,Butter 200g,Dairy,DAR,1,2,1,15,201,185,201,948.72,336,135,50,120,12,1,0,4.72,0,0,0,2
2025-08-15,33,8,3,2025,36,SKU036,Biscuits,Home Care,HCR,5,5,4,17,177,182,177,1612.47,244,67,50,120,14,1,0,9.11,0,0,0,1
2025-08-31,35,8,3,2025,18,SKU018,Yogurt Cup,Dairy,DAR,4,4,1,4,153,149,153,2264.4,244,91,50,120,10,1,0,14.8,0,0,0,0
2025-05-09,19,5,2,2025,27,SKU027,Body Lotion,Personal Care,PCR,7,5,3,7,204,188,143,1703.13,143,0,50,120,4,1,0,11.91,0,1,61,1
2025-10-30,44,10,4,2025,38,SKU038,Cooking Oil,Home Care,HCR,7,5,1,3,204,196,130,1978.6,130,0,50,120,13,1,0,15.22,0,1,74,1
2025-02-24,9,2,1,2025,10,SKU010,Cheese Crackers,Snacks,SNK,4,1,2,18,144,124,144,1156.32,314,170,50,120,3,1,0,8.03,0,0,0,3
2025-07-04,27,7,3,2025,10,SKU010,Cheese Crackers,Snacks,SNK,3,5,1,7,122,107,122,865.37,286,164,50,120,6,6,0,7.71,8,0,0,2
2025-02-12,7,2,1,2025,36,SKU036,Biscuits,Home Care,HCR,2,2,2,11,170,163,170,1381.42,260,90,50,120,11,3,0,9.56,15,0,0,2
2025-02-28,9,2,1,2025,16,SKU016,Corn Chips,Dairy,DAR,5,5,1,2,119,113,119,1760.72,319,200,50,120,9,2,0,16.44,10,0,0,4
2025-04-11,15,4,2,2025,37,SKU037,Fruit Jam,Home Care,HCR,2,2,2,16,145,159,145,1135.35,232,87,50,120,3,1,0,7.83,0,0,0,4
2025-01-22,4,1,1,2025,26,SKU026,Face Wash,Personal Care,PCR,4,4,4,9,84,86,84,262.08,218,134,50,120,11,1,0,3.12,0,0,0,0
2025-12-11,50,12,4,2025,8,SKU008,Sparkling Water 500ml,Snacks,SNK,4,2,2,13,101,103,101,423.19,263,162,50,120,4,1,0,4.19,0,0,0,3
2025-04-26,17,4,2,2025,38,SKU038,Cooking Oil,Home Care,HCR,4,2,4,12,197,217,180,2406.1,180,0,50,120,11,5,0,15.19,12,1,17,1
2025-07-19,29,7,3,2025,28,SKU028,Hand Wash,Personal Care,PCR,3,2,2,8,133,132,122,1304.55,122,0,50,120,7,3,0,12.58,15,1,11,2
2025-08-11,33,8,3,2025,34,SKU034,Floor Cleaner,Home Care,HCR,1,2,4,12,138,153,138,2194.61,215,77,50,120,2,2,0,17.67,10,0,0,4
2025-03-04,10,3,1,2025,25,SKU025,Toothpaste,Personal Care,PCR,4,2,4,8,222,236,222,1136.64,316,94,50,120,13,1,0,5.12,0,0,0,2
2025-03-03,10,3,1,2025,33,SKU033,Fabric Softener,Home Care,HCR,8,5,3,18,154,130,154,1858.78,284,130,50,120,4,1,0,12.07,0,0,0,0
2025-10-27,44,10,4,2025,16,SKU016,Corn Chips,Dairy,DAR,6,5,3,3,148,131,148,1003.5,295,147,50,120,10,6,0,7.37,8,0,0,4
2025-01-28,5,1,1,2025,13,SKU013,Nachos,Snacks,SNK,4,2,2,6,145,132,135,1220.08,135,0,50,120,4,5,0,10.27,12,1,10,3
2025-12-27,52,12,4,2025,32,SKU032,Toilet Cleaner,Home Care,HCR,5,5,3,20,241,192,167,449.23,167,0,50,120,13,1,4,2.69,0,1,74,4
2025-08-27,35,8,3,2025,31,SKU031,Surface Cleaner,Personal Care,PCR,4,4,4,14,126,126,126,657.72,321,195,50,120,9,1,0,5.22,0,0,0,0
2025-08-22,34,8,3,2025,28,SKU028,Hand Wash,Personal Care,PCR,6,4,2,7,111,117,111,1305.36,261,150,50,120,9,1,0,11.76,0,0,0,0
2025-01-14,3,1,1,2025,40,SKU040,Tea Pack,Home Care,HCR,3,5,2,3,198,190,198,2968.02,321,123,50,120,10,1,0,14.99,0,0,0,0
2025-05-23,21,5,2,2025,18,SKU018,Yogurt Cup,Dairy,DAR,6,2,1,20,76,85,76,1472.88,264,188,50,120,6,1,0,19.38,0,0,0,1
2025-08-05,32,8,3,2025,36,SKU036,Biscuits,Home Care,HCR,8,4,3,8,223,211,146,1472.38,146,0,50,120,9,5,0,11.46,12,1,77,3
2025-12-16,51,12,4,2025,16,SKU016,Corn Chips,Dairy,DAR,8,5,1,17,81,100,81,907.2,136,55,50,120,6,1,0,11.2,0,0,0,3
2025-04-06,14,4,2,2025,40,SKU040,Tea Pack,Home Care,HCR,3,3,3,13,132,119,132,589.25,317,185,50,120,5,2,0,4.96,10,0,0,1
2025-06-17,25,6,2,2025,18,SKU018,Yogurt Cup,Dairy,DAR,5,3,4,10,84,78,84,258.72,126,42,50,120,13,1,0,3.08,0,0,0,4
2025-12-27,52,12,4,2025,23,SKU023,Shampoo,Dairy,DAR,2,2,2,17,172,208,172,2788.12,320,148,50,120,12,1,4,16.21,0,0,0,3
2025-09-22,39,9,3,2025,8,SKU008,Sparkling Water 500ml,Snacks,SNK,2,4,1,12,178,144,178,2727.94,338,160,50,120,9,3,0,18.03,15,0,0,1
2025-02-06,6,2,1,2025,15,SKU015,Pretzels,Snacks,SNK,4,5,3,8,194,163,194,2818.2,243,49,50,120,8,6,0,15.79,8,0,0,2
2025-02-08,6,2,1,2025,37,SKU037,Fruit Jam,Home Care,HCR,5,5,4,20,94,105,94,690.9,311,217,50,120,7,1,0,7.35,0,0,0,3
2025-07-20,29,7,3,2025,5,SKU005,Iced Tea 500ml,Beverages,BVG,5,3,4,3,220,252,220,3790.6,341,121,50,120,4,1,0,17.23,0,0,0,0
2025-08-03,31,8,3,2025,36,SKU036,Biscuits,Home Care,HCR,5,5,2,17,150,157,150,2469,248,98,50,120,7,1,0,16.46,0,0,0,1
2025-01-15,3,1,1,2025,25,SKU025,Toothpaste,Personal Care,PCR,6,1,4,18,149,178,149,2883.15,324,175,50,120,4,1,0,19.35,0,0,0,2
2025-12-01,49,12,4,2025,40,SKU040,Tea Pack,Home Care,HCR,8,3,3,18,203,223,203,614.44,295,92,50,120,3,6,0,3.29,8,0,0,1
2025-06-30,27,6,2,2025,25,SKU025,Toothpaste,Personal Care,PCR,8,3,1,7,200,193,200,3254,214,14,50,120,12,1,0,16.27,0,0,0,4
2025-12-10,50,12,4,2025,16,SKU016,Corn Chips,Dairy,DAR,5,4,3,3,84,94,84,1228.75,155,71,50,120,10,6,0,15.9,8,0,0,2
2025-04-09,15,4,2,2025,2,SKU002,Orange Juice 1L,Beverages,BVG,6,2,1,2,156,128,156,1734.72,340,184,50,120,5,1,0,11.12,0,0,0,2
2025-06-11,24,6,2,2025,29,SKU029,Laundry Detergent,Personal Care,PCR,2,3,2,8,141,132,141,859.11,236,95,50,120,12,2,0,6.77,10,0,0,4
2025-02-02,5,2,1,2025,16,SKU016,Corn Chips,Dairy,DAR,8,3,4,8,177,166,177,856.68,251,74,50,120,7,1,0,4.84,0,0,0,0
2025-01-24,4,1,1,2025,17,SKU017,Milk 1L,Dairy,DAR,6,5,3,4,220,195,216,1624.86,216,0,50,120,6,3,0,8.85,15,1,4,1
2025-08-21,34,8,3,2025,8,SKU008,Sparkling Water 500ml,Snacks,SNK,6,1,3,12,171,155,171,2052,334,163,50,120,11,1,0,12,0,0,0,1
2025-04-09,15,4,2,2025,22,SKU022,Flavored Milk,Dairy,DAR,4,3,2,2,109,115,109,1598.46,255,146,50,120,8,6,0,15.94,8,0,0,1
2025-06-07,23,6,2,2025,9,SKU009,Potato Chips,Snacks,SNK,6,3,3,11,201,179,201,2965.96,346,145,50,120,11,3,0,17.36,15,0,0,1
2025-01-31,5,1,1,2025,31,SKU031,Surface Cleaner,Personal Care,PCR,4,2,4,13,190,191,190,1860.48,309,119,50,120,4,2,0,10.88,10,0,0,1
2025-02-11,7,2,1,2025,12,SKU012,Chocolate Cookies,Snacks,SNK,3,4,2,2,172,179,172,2043.36,322,150,50,120,11,1,0,11.88,0,0,0,0
2025-01-18,3,1,1,2025,9,SKU009,Potato Chips,Snacks,SNK,1,5,1,7,211,184,211,2422.62,211,0,50,120,9,6,0,12.48,8,0,0,4
2025-04-23,17,4,2,2025,3,SKU003,Mineral Water 1.5L,Beverages,BVG,5,3,4,15,166,155,166,884.78,254,88,50,120,11,1,0,5.33,0,0,0,4
2025-06-10,24,6,2,2025,39,SKU039,Rice,Home Care,HCR,2,3,2,9,141,158,141,1941.57,248,107,50,120,3,1,0,13.77,0,0,0,4
2025-06-21,25,6,2,2025,25,SKU025,Toothpaste,Personal Care,PCR,1,4,3,5,215,231,163,1387.78,163,0,50,120,3,2,0,9.46,10,1,52,1
2025-06-22,25,6,2,2025,5,SKU005,Iced Tea 500ml,Beverages,BVG,3,2,3,17,343,332,207,698.62,207,0,50,120,12,2,0,3.75,10,1,136,2
2025-11-25,48,11,4,2025,5,SKU005,Iced Tea 500ml,Beverages,BVG,1,3,4,1,174,149,174,3033.52,310,136,50,120,13,6,0,18.95,8,0,0,3
2025-10-29,44,10,4,2025,35,SKU035,Cereal,Home Care,HCR,6,1,4,15,158,145,158,437.66,161,3,50,120,12,1,0,2.77,0,0,0,1
2025-03-11,11,3,1,2025,18,SKU018,Yogurt Cup,Dairy,DAR,7,3,3,8,174,160,174,2933.64,284,110,50,120,10,1,0,16.86,0,0,0,3
2025-03-06,10,3,1,2025,30,SKU030,Dishwashing Liquid,Personal Care,PCR,8,4,3,2,124,113,124,1218.87,125,1,50,120,9,5,0,11.17,12,0,0,4
2025-07-04,27,7,3,2025,39,SKU039,Rice,Home Care,HCR,3,4,1,20,106,111,106,2096.68,176,70,50,120,10,1,0,19.78,0,0,0,2
2025-08-16,33,8,3,2025,27,SKU027,Body Lotion,Personal Care,PCR,7,1,2,11,145,141,145,807.65,217,72,50,120,5,1,0,5.57,0,0,0,1
2025-09-06,36,9,3,2025,33,SKU033,Fabric Softener,Home Care,HCR,8,3,2,16,151,139,145,1764.36,145,0,50,120,9,4,0,15.21,20,1,6,1
2025-06-21,25,6,2,2025,27,SKU027,Body Lotion,Personal Care,PCR,6,3,3,10,225,196,193,2111.42,193,0,50,120,6,1,0,10.94,0,1,32,1
2025-10-01,40,10,4,2025,16,SKU016,Corn Chips,Dairy,DAR,6,4,4,17,192,216,139,1073.97,139,0,50,120,11,5,0,8.78,12,1,53,0
2025-01-25,4,1,1,2025,3,SKU003,Mineral Water 1.5L,Beverages,BVG,7,4,1,6,154,171,154,1835.68,247,93,50,120,13,1,0,11.92,0,0,0,2
2025-05-16,20,5,2,2025,14,SKU014,Popcorn,Snacks,SNK,5,5,1,8,129,120,129,694.74,216,87,50,120,5,5,0,6.12,12,0,0,0
2025-03-28,13,3,1,2025,18,SKU018,Yogurt Cup,Dairy,DAR,1,3,2,12,145,153,145,2695.55,182,37,50,120,8,1,0,18.59,0,0,0,3
2025-02-19,8,2,1,2025,8,SKU008,Sparkling Water 500ml,Snacks,SNK,1,3,3,3,134,130,134,2512.5,240,106,50,120,14,1,0,18.75,0,0,0,0
2025-06-09,24,6,2,2025,32,SKU032,Toilet Cleaner,Home Care,HCR,6,1,4,8,143,139,137,1937.18,137,0,50,120,2,1,0,14.14,0,1,6,3
2025-10-27,44,10,4,2025,40,SKU040,Tea Pack,Home Care,HCR,5,1,3,12,223,203,223,3862.36,329,106,50,120,2,1,0,17.32,0,0,0,1
2025-10-13,42,10,4,2025,31,SKU031,Surface Cleaner,Personal Care,PCR,4,2,3,1,116,95,116,437.32,204,88,50,120,9,1,0,3.77,0,0,0,0
2025-10-21,43,10,4,2025,18,SKU018,Yogurt Cup,Dairy,DAR,1,4,3,18,234,186,127,500.38,127,0,50,120,12,1,0,3.94,0,1,107,3
2025-09-23,39,9,3,2025,40,SKU040,Tea Pack,Home Care,HCR,2,3,4,1,254,228,254,482.35,270,16,50,120,10,2,0,2.11,10,0,0,0
2025-03-05,10,3,1,2025,25,SKU025,Toothpaste,Personal Care,PCR,3,4,2,19,167,190,167,936.87,333,166,50,120,13,1,0,5.61,0,0,0,3
2025-08-24,34,8,3,2025,9,SKU009,Potato Chips,Snacks,SNK,2,2,1,6,102,94,102,295.8,305,203,50,120,5,1,0,2.9,0,0,0,1
2025-04-14,16,4,2,2025,1,SKU001,Cola 500ml,Beverages,BVG,8,4,2,7,195,172,195,2921.1,201,6,50,120,12,1,0,14.98,0,0,0,1
2025-04-04,14,4,2,2025,9,SKU009,Potato Chips,Snacks,SNK,2,5,3,20,156,171,156,566.28,176,20,50,120,13,1,0,3.63,0,0,0,1
2025-06-13,24,6,2,2025,12,SKU012,Chocolate Cookies,Snacks,SNK,5,2,1,12,160,147,160,3067.2,310,150,50,120,13,1,0,19.17,0,0,0,3
2025-09-16,38,9,3,2025,17,SKU017,Milk 1L,Dairy,DAR,3,2,1,7,137,131,137,1313.83,237,100,50,120,7,1,0,9.59,0,0,0,3
2025-02-08,6,2,1,2025,27,SKU027,Body Lotion,Personal Care,PCR,6,3,3,3,124,112,124,2316.32,221,97,50,120,6,1,0,18.68,0,0,0,0
2025-05-08,19,5,2,2025,11,SKU011,Salted Peanuts,Snacks,SNK,4,3,2,18,120,124,120,555.84,208,88,50,120,4,4,0,5.79,20,0,0,1
2025-11-29,48,11,4,2025,20,SKU020,Cheese Slices,Dairy,DAR,2,5,4,3,213,199,213,888.21,250,37,50,120,3,1,0,4.17,0,0,0,0
2025-03-28,13,3,1,2025,11,SKU011,Salted Peanuts,Snacks,SNK,7,1,2,19,218,219,218,1536.29,282,64,50,120,2,6,0,7.66,8,0,0,4
2025-06-20,25,6,2,2025,18,SKU018,Yogurt Cup,Dairy,DAR,3,3,3,9,188,219,188,1440.08,237,49,50,120,14,1,0,7.66,0,0,0,3
2025-12-11,50,12,4,2025,18,SKU018,Yogurt Cup,Dairy,DAR,1,2,3,1,173,165,173,2754.16,174,1,50,120,8,1,0,15.92,0,0,0,3
2025-03-05,10,3,1,2025,11,SKU011,Salted Peanuts,Snacks,SNK,5,2,1,10,196,187,126,1062.18,126,0,50,120,13,1,0,8.43,0,1,70,4
2025-12-17,51,12,4,2025,5,SKU005,Iced Tea 500ml,Beverages,BVG,1,5,4,2,130,107,130,1411.8,156,26,50,120,5,1,0,10.86,0,0,0,0
2025-07-27,30,7,3,2025,14,SKU014,Popcorn,Snacks,SNK,2,5,1,4,177,191,177,3433.8,209,32,50,120,8,1,0,19.4,0,0,0,4
2025-04-08,15,4,2,2025,15,SKU015,Pretzels,Snacks,SNK,4,1,4,20,154,137,154,2350.96,244,90,50,120,8,3,0,17.96,15,0,0,1
2025-10-05,40,10,4,2025,35,SKU035,Cereal,Home Care,HCR,6,5,1,2,183,185,159,1502.55,159,0,50,120,5,1,0,9.45,0,1,24,3
2025-02-12,7,2,1,2025,34,SKU034,Floor Cleaner,Home Care,HCR,4,2,4,11,87,103,87,179.31,183,96,50,120,9,2,0,2.29,10,0,0,2
2025-08-26,35,8,3,2025,31,SKU031,Surface Cleaner,Personal Care,PCR,7,3,2,6,173,192,173,871.92,339,166,50,120,6,1,0,5.04,0,0,0,4
2025-01-07,2,1,1,2025,34,SKU034,Floor Cleaner,Home Care,HCR,5,5,1,19,153,161,153,1412.34,174,21,50,120,6,3,0,10.86,15,0,0,1
2025-08-15,33,8,3,2025,26,SKU026,Face Wash,Personal Care,PCR,6,2,4,8,196,180,196,2207.74,236,40,50,120,12,4,0,14.08,20,0,0,4
2025-08-27,35,8,3,2025,31,SKU031,Surface Cleaner,Personal Care,PCR,7,4,4,2,185,177,137,1845.39,137,0,50,120,9,1,0,13.47,0,1,48,2
2025-09-18,38,9,3,2025,38,SKU038,Cooking Oil,Home Care,HCR,2,2,4,10,136,132,136,930.24,136,0,50,120,2,1,0,6.84,0,0,0,3
2025-03-07,10,3,1,2025,18,SKU018,Yogurt Cup,Dairy,DAR,2,4,3,18,255,228,200,1848,200,0,50,120,14,1,0,9.24,0,1,55,4
2025-05-07,19,5,2,2025,23,SKU023,Shampoo,Dairy,DAR,6,3,4,3,145,117,145,2343.2,292,147,50,120,13,1,0,16.16,0,0,0,1
2025-06-28,26,6,2,2025,9,SKU009,Potato Chips,Snacks,SNK,2,3,4,20,222,187,222,1367.52,347,125,50,120,5,1,0,6.16,0,0,0,1
2025-04-20,16,4,2,2025,4,SKU004,Energy Drink 250ml,Beverages,BVG,6,1,3,16,166,149,166,630.8,180,14,50,120,9,1,0,3.8,0,0,0,3
2025-08-19,34,8,3,2025,39,SKU039,Rice,Home Care,HCR,6,2,4,18,173,197,173,1754.22,237,64,50,120,4,1,0,10.14,0,0,0,0
2025-06-13,24,6,2,2025,30,SKU030,Dishwashing Liquid,Personal Care,PCR,5,1,2,13,171,174,171,752.4,190,19,50,120,7,4,0,5.5,20,0,0,0
2025-10-24,43,10,4,2025,5,SKU005,Iced Tea 500ml,Beverages,BVG,2,4,2,5,169,186,169,3042,192,23,50,120,13,1,0,18,0,0,0,1
2025-04-30,18,4,2,2025,18,SKU018,Yogurt Cup,Dairy,DAR,8,3,1,9,115,130,115,239.09,192,77,50,120,9,2,0,2.31,10,0,0,1
2025-11-08,45,11,4,2025,19,SKU019,Butter 200g,Dairy,DAR,6,3,1,6,207,232,207,2185.92,296,89,50,120,10,5,0,12,12,0,0,4
2025-08-28,35,8,3,2025,31,SKU031,Surface Cleaner,Personal Care,PCR,3,2,4,11,200,216,152,680.96,152,0,50,120,13,1,0,4.48,0,1,48,1
2025-04-24,17,4,2,2025,14,SKU014,Popcorn,Snacks,SNK,8,4,1,18,138,163,138,825.24,295,157,50,120,8,1,0,5.98,0,0,0,3
2025-07-05,27,7,3,2025,16,SKU016,Corn Chips,Dairy,DAR,1,5,3,9,139,148,138,1222.68,138,0,50,120,4,1,0,8.86,0,1,1,4
2025-09-25,39,9,3,2025,36,SKU036,Biscuits,Home Care,HCR,4,1,2,6,113,138,113,1918.74,311,198,50,120,8,1,0,16.98,0,0,0,2
2025-05-27,22,5,2,2025,38,SKU038,Cooking Oil,Home Care,HCR,3,4,4,13,194,201,194,1297.86,323,129,50,120,5,1,0,6.69,0,0,0,3
2025-06-28,26,6,2,2025,5,SKU005,Iced Tea 500ml,Beverages,BVG,7,3,1,10,237,245,196,3079.16,196,0,50,120,11,1,0,15.71,0,1,41,0
2025-10-17,42,10,4,2025,22,SKU022,Flavored Milk,Dairy,DAR,7,2,1,5,151,178,151,1204.98,267,116,50,120,2,1,0,7.98,0,0,0,4
2025-04-07,15,4,2,2025,5,SKU005,Iced Tea 500ml,Beverages,BVG,3,1,2,14,150,126,150,2149.5,162,12,50,120,14,1,0,14.33,0,0,0,1
2025-10-24,43,10,4,2025,7,SKU007,Mango Juice 1L,Beverages,BVG,6,3,3,2,116,135,116,1536.3,298,182,50,120,14,5,0,15.05,12,0,0,4
2025-01-15,3,1,1,2025,5,SKU005,Iced Tea 500ml,Beverages,BVG,1,2,4,18,237,216,125,1911.25,125,0,50,120,13,1,0,15.29,0,1,112,3
2025-06-23,26,6,2,2025,14,SKU014,Popcorn,Snacks,SNK,3,1,2,10,272,253,173,1102.36,173,0,50,120,12,2,0,7.08,10,1,99,1
2025-02-08,6,2,1,2025,5,SKU005,Iced Tea 500ml,Beverages,BVG,5,3,4,2,203,174,203,1658.92,235,32,50,120,6,2,0,9.08,10,0,0,0
2025-07-24,30,7,3,2025,3,SKU003,Mineral Water 1.5L,Beverages,BVG,2,3,4,14,233,240,233,1624.85,320,87,50,120,12,6,0,7.58,8,0,0,2
2025-06-02,23,6,2,2025,21,SKU021,Cream 250ml,Dairy,DAR,5,4,2,7,147,128,147,1417.08,258,111,50,120,10,1,0,9.64,0,0,0,1
2025-10-06,41,10,4,2025,34,SKU034,Floor Cleaner,Home Care,HCR,2,2,2,8,233,202,233,3818.87,331,98,50,120,12,1,0,16.39,0,0,0,0
2025-10-26,43,10,4,2025,10,SKU010,Cheese Crackers,Snacks,SNK,5,3,4,9,158,154,158,613.04,272,114,50,120,3,1,0,3.88,0,0,0,4
2025-08-03,31,8,3,2025,4,SKU004,Energy Drink 250ml,Beverages,BVG,1,3,1,20,364,337,182,2198.2,182,0,50,120,12,2,0,13.42,10,1,182,2
2025-05-03,18,5,2,2025,33,SKU033,Fabric Softener,Home Care,HCR,2,3,2,7,199,205,199,2662.62,237,38,50,120,7,1,0,13.38,0,0,0,2
2025-01-07,2,1,1,2025,1,SKU001,Cola 500ml,Beverages,BVG,7,3,3,16,140,171,140,1489.6,342,202,50,120,2,1,0,10.64,0,0,0,1
2025-08-16,33,8,3,2025,39,SKU039,Rice,Home Care,HCR,2,3,3,16,119,115,119,659.26,144,25,50,120,2,1,0,5.54,0,0,0,1
2025-03-20,12,3,1,2025,13,SKU013,Nachos,Snacks,SNK,4,5,1,17,146,161,129,1686.03,129,0,50,120,13,1,0,13.07,0,1,17,1
2025-07-02,27,7,3,2025,29,SKU029,Laundry Detergent,Personal Care,PCR,6,3,1,17,115,137,115,798.1,213,98,50,120,9,1,0,6.94,0,0,0,2
2025-06-26,26,6,2,2025,21,SKU021,Cream 250ml,Dairy,DAR,6,3,3,5,200,179,168,1256.64,168,0,50,120,4,1,0,7.48,0,1,32,1
2025-12-23,52,12,4,2025,6,SKU006,Lemon Soda 330ml,Beverages,BVG,7,2,4,15,109,96,109,1131.09,160,51,50,120,3,2,4,11.53,10,0,0,1
2025-02-20,8,2,1,2025,15,SKU015,Pretzels,Snacks,SNK,5,3,3,8,98,110,98,653.56,282,184,50,120,8,2,0,7.41,10,0,0,3
2025-06-26,26,6,2,2025,5,SKU005,Iced Tea 500ml,Beverages,BVG,4,3,1,14,214,197,214,1652.08,301,87,50,120,9,1,0,7.72,0,0,0,2
2025-12-17,51,12,4,2025,30,SKU030,Dishwashing Liquid,Personal Care,PCR,7,5,3,20,81,86,81,941.22,244,163,50,120,4,1,0,11.62,0,0,0,3
2025-06-15,24,6,2,2025,1,SKU001,Cola 500ml,Beverages,BVG,1,5,1,2,272,342,134,616.27,134,0,50,120,8,2,0,5.11,10,1,138,0
2025-05-04,18,5,2,2025,35,SKU035,Cereal,Home Care,HCR,1,3,2,12,178,213,178,1438.24,319,141,50,120,14,1,0,8.08,0,0,0,0
2025-11-09,45,11,4,2025,1,SKU001,Cola 500ml,Beverages,BVG,1,2,3,11,158,183,158,3081,195,37,50,120,14,1,0,19.5,0,0,0,4
2025-11-13,46,11,4,2025,19,SKU019,Butter 200g,Dairy,DAR,8,4,2,15,226,202,226,1950.38,243,17,50,120,13,1,0,8.63,0,0,0,1
2025-07-17,29,7,3,2025,8,SKU008,Sparkling Water 500ml,Snacks,SNK,6,5,3,17,91,100,91,1260.46,251,160,50,120,4,5,0,15.74,12,0,0,4
2025-07-14,29,7,3,2025,5,SKU005,Iced Tea 500ml,Beverages,BVG,8,1,2,12,185,202,185,734.45,235,50,50,120,12,1,0,3.97,0,0,0,2
2025-12-10,50,12,4,2025,14,SKU014,Popcorn,Snacks,SNK,5,4,2,19,180,212,180,694.8,229,49,50,120,11,1,0,3.86,0,0,0,3
2025-08-25,35,8,3,2025,3,SKU003,Mineral Water 1.5L,Beverages,BVG,8,2,3,8,295,331,167,697.39,167,0,50,120,11,4,0,5.22,20,1,128,1
2025-08-19,34,8,3,2025,38,SKU038,Cooking Oil,Home Care,HCR,8,1,1,17,79,84,79,1062.55,346,267,50,120,8,1,0,13.45,0,0,0,1
2025-12-03,49,12,4,2025,23,SKU023,Shampoo,Dairy,DAR,3,5,1,15,208,200,208,1911.94,265,57,50,120,2,4,0,11.49,20,0,0,3
2025-10-25,43,10,4,2025,15,SKU015,Pretzels,Snacks,SNK,7,1,3,20,73,80,73,1300.13,257,184,50,120,4,1,0,17.81,0,0,0,4
2025-11-30,48,11,4,2025,2,SKU002,Orange Juice 1L,Beverages,BVG,4,2,3,20,108,113,108,395.28,334,226,50,120,2,1,0,3.66,0,0,0,0
2025-11-07,45,11,4,2025,22,SKU022,Flavored Milk,Dairy,DAR,5,2,1,11,136,118,136,2307.24,222,86,50,120,2,2,0,18.85,10,0,0,3
2025-07-19,29,7,3,2025,16,SKU016,Corn Chips,Dairy,DAR,1,1,4,4,148,152,148,2160.8,175,27,50,120,4,1,0,14.6,0,0,0,3
2025-07-13,28,7,3,2025,22,SKU022,Flavored Milk,Dairy,DAR,5,2,2,9,83,99,83,156.54,246,163,50,120,6,6,0,2.05,8,0,0,1
2025-05-19,21,5,2,2025,6,SKU006,Lemon Soda 330ml,Beverages,BVG,1,5,4,12,173,196,131,520.65,131,0,50,120,10,6,0,4.32,8,1,42,1
2025-12-03,49,12,4,2025,8,SKU008,Sparkling Water 500ml,Snacks,SNK,8,4,1,18,276,229,176,1472.77,176,0,50,120,8,4,0,10.46,20,1,100,4
2025-07-29,31,7,3,2025,24,SKU024,Soap,Personal Care,PCR,1,1,4,8,104,114,104,404.52,147,43,50,120,10,5,0,4.42,12,0,0,4
2025-03-14,11,3,1,2025,40,SKU040,Tea Pack,Home Care,HCR,8,5,3,7,133,125,133,2372.72,143,10,50,120,2,1,0,17.84,0,0,0,3
2025-02-26,9,2,1,2025,39,SKU039,Rice,Home Care,HCR,3,3,2,11,95,106,95,1556.96,185,90,50,120,4,2,0,18.21,10,0,0,3
2025-11-12,46,11,4,2025,24,SKU024,Soap,Personal Care,PCR,2,3,3,13,149,145,149,2152.31,347,198,50,120,12,2,0,16.05,10,0,0,0
2025-12-11,50,12,4,2025,24,SKU024,Soap,Personal Care,PCR,7,2,3,11,137,135,137,1761.82,271,134,50,120,12,1,0,12.86,0,0,0,0
2025-10-04,40,10,4,2025,22,SKU022,Flavored Milk,Dairy,DAR,1,3,1,11,195,214,134,1888.06,134,0,50,120,2,1,0,14.09,0,1,61,4
2025-09-15,38,9,3,2025,1,SKU001,Cola 500ml,Beverages,BVG,5,5,1,1,175,159,175,852.25,231,56,50,120,9,1,0,4.87,0,0,0,4
2025-11-12,46,11,4,2025,27,SKU027,Body Lotion,Personal Care,PCR,3,2,2,8,236,196,236,2718.72,324,88,50,120,7,1,0,11.52,0,0,0,1
2025-11-01,44,11,4,2025,15,SKU015,Pretzels,Snacks,SNK,6,1,3,14,85,87,85,240.55,278,193,50,120,13,1,0,2.83,0,0,0,3
2025-10-19,42,10,4,2025,28,SKU028,Hand Wash,Personal Care,PCR,6,3,2,9,171,203,120,1266.84,120,0,50,120,12,3,0,12.42,15,1,51,3
2025-10-08,41,10,4,2025,21,SKU021,Cream 250ml,Dairy,DAR,3,1,4,14,153,141,153,2076.9,247,94,50,120,5,3,0,15.97,15,0,0,0
2025-10-28,44,10,4,2025,1,SKU001,Cola 500ml,Beverages,BVG,7,3,1,18,116,120,116,1132.16,166,50,50,120,14,1,0,9.76,0,0,0,3
2025-06-19,25,6,2,2025,40,SKU040,Tea Pack,Home Care,HCR,8,4,1,19,184,184,184,3293.6,277,93,50,120,12,1,0,17.9,0,0,0,2
2025-07-11,28,7,3,2025,27,SKU027,Body Lotion,Personal Care,PCR,1,1,2,6,170,198,170,2485.4,234,64,50,120,14,3,0,17.2,15,0,0,4
2025-03-22,12,3,1,2025,34,SKU034,Floor Cleaner,Home Care,HCR,8,5,3,18,183,166,183,786.24,229,46,50,120,13,6,0,4.67,8,0,0,4
2025-04-18,16,4,2,2025,8,SKU008,Sparkling Water 500ml,Snacks,SNK,2,3,4,17,103,132,103,962.17,337,234,50,120,3,3,0,10.99,15,0,0,0
2025-06-07,23,6,2,2025,37,SKU037,Fruit Jam,Home Care,HCR,8,5,2,10,74,86,74,651.94,175,101,50,120,10,1,0,8.81,0,0,0,2
2025-02-28,9,2,1,2025,31,SKU031,Surface Cleaner,Personal Care,PCR,2,5,2,12,166,134,166,1535.5,238,72,50,120,13,1,0,9.25,0,0,0,0
2025-10-19,42,10,4,2025,33,SKU033,Fabric Softener,Home Care,HCR,5,3,2,5,122,108,122,393.08,330,208,50,120,7,2,0,3.58,10,0,0,3
2025-10-10,41,10,4,2025,40,SKU040,Tea Pack,Home Care,HCR,2,4,2,4,71,78,71,780.29,292,221,50,120,7,1,0,10.99,0,0,0,0
2025-08-24,34,8,3,2025,12,SKU012,Chocolate Cookies,Snacks,SNK,6,1,2,3,230,218,230,2701.35,326,96,50,120,8,2,0,13.05,10,0,0,4
2025-04-23,17,4,2,2025,39,SKU039,Rice,Home Care,HCR,5,1,3,13,191,157,191,2493.47,252,61,50,120,3,6,0,14.19,8,0,0,0
2025-03-03,10,3,1,2025,22,SKU022,Flavored Milk,Dairy,DAR,1,1,2,13,108,123,108,1337.04,220,112,50,120,7,1,0,12.38,0,0,0,4
2025-01-03,1,1,1,2025,26,SKU026,Face Wash,Personal Care,PCR,8,4,3,5,170,216,170,1054,335,165,50,120,4,1,1,6.2,0,0,0,0
2025-01-11,2,1,1,2025,2,SKU002,Orange Juice 1L,Beverages,BVG,2,1,3,20,144,122,144,2285.28,290,146,50,120,10,1,0,15.87,0,0,0,2
2025-07-04,27,7,3,2025,24,SKU024,Soap,Personal Care,PCR,2,1,2,10,135,123,135,1071.77,256,121,50,120,14,3,0,9.34,15,0,0,4
2025-06-09,24,6,2,2025,5,SKU005,Iced Tea 500ml,Beverages,BVG,2,4,1,3,358,336,146,1057.39,146,0,50,120,7,5,0,8.23,12,1,212,0
2025-11-24,48,11,4,2025,15,SKU015,Pretzels,Snacks,SNK,4,4,3,17,173,144,173,1384,229,56,50,120,2,1,0,8,0,0,0,0
2025-05-18,20,5,2,2025,31,SKU031,Surface Cleaner,Personal Care,PCR,5,4,4,13,157,128,157,1997.04,291,134,50,120,9,1,0,12.72,0,0,0,4
2025-04-05,14,4,2,2025,5,SKU005,Iced Tea 500ml,Beverages,BVG,6,1,2,2,172,158,148,2425.72,148,0,50,120,14,1,0,16.39,0,1,24,3
2025-06-16,25,6,2,2025,22,SKU022,Flavored Milk,Dairy,DAR,4,5,2,4,176,212,176,1717.76,236,60,50,120,11,1,0,9.76,0,0,0,4
2025-01-25,4,1,1,2025,14,SKU014,Popcorn,Snacks,SNK,7,4,1,10,208,237,208,3360.61,272,64,50,120,10,5,0,18.36,12,0,0,4
2025-04-08,15,4,2,2025,29,SKU029,Laundry Detergent,Personal Care,PCR,8,4,2,6,214,204,191,2897.47,191,0,50,120,10,1,0,15.17,0,1,23,3
2025-07-21,30,7,3,2025,36,SKU036,Biscuits,Home Care,HCR,3,5,2,17,155,146,155,519.56,191,36,50,120,14,4,0,4.19,20,0,0,4
2025-12-15,51,12,4,2025,40,SKU040,Tea Pack,Home Care,HCR,8,4,3,10,196,214,196,1862.78,323,127,50,120,6,4,0,11.88,20,0,0,1
2025-04-19,16,4,2,2025,21,SKU021,Cream 250ml,Dairy,DAR,3,5,2,13,129,105,129,2085.93,299,170,50,120,6,1,0,16.17,0,0,0,2
2025-05-08,19,5,2,2025,4,SKU004,Energy Drink 250ml,Beverages,BVG,3,3,2,1,138,121,124,1525.57,124,0,50,120,11,2,0,13.67,10,1,14,2
2025-07-27,30,7,3,2025,5,SKU005,Iced Tea 500ml,Beverages,BVG,1,3,3,15,201,193,201,3657.72,276,75,50,120,3,6,0,19.78,8,0,0,3
2025-07-13,28,7,3,2025,25,SKU025,Toothpaste,Personal Care,PCR,4,1,1,5,186,180,186,2107.38,292,106,50,120,11,1,0,11.33,0,0,0,3
2025-04-05,14,4,2,2025,25,SKU025,Toothpaste,Personal Care,PCR,5,5,4,10,198,189,198,906.05,229,31,50,120,4,5,0,5.2,12,0,0,1
2025-12-02,49,12,4,2025,15,SKU015,Pretzels,Snacks,SNK,3,4,4,17,204,189,196,2426.48,196,0,50,120,6,1,0,12.38,0,1,8,1
2025-01-06,2,1,1,2025,22,SKU022,Flavored Milk,Dairy,DAR,5,4,4,9,154,136,154,760.76,160,6,50,120,11,1,0,4.94,0,0,0,2
2025-04-17,16,4,2,2025,8,SKU008,Sparkling Water 500ml,Snacks,SNK,5,2,4,13,80,97,80,335.2,253,173,50,120,10,1,0,4.19,0,0,0,2
2025-05-12,20,5,2,2025,15,SKU015,Pretzels,Snacks,SNK,7,3,2,5,199,198,185,1702,185,0,50,120,14,1,0,9.2,0,1,14,2
2025-12-09,50,12,4,2025,15,SKU015,Pretzels,Snacks,SNK,8,4,2,3,168,141,168,2851.63,320,152,50,120,2,6,0,18.45,8,0,0,0
2025-12-19,51,12,4,2025,20,SKU020,Cheese Slices,Dairy,DAR,3,1,2,4,176,170,136,393.86,136,0,50,120,5,4,0,3.62,20,1,40,1
2025-03-24,13,3,1,2025,21,SKU021,Cream 250ml,Dairy,DAR,5,2,2,7,186,185,186,2410.56,299,113,50,120,8,1,0,12.96,0,0,0,0
2025-02-16,7,2,1,2025,13,SKU013,Nachos,Snacks,SNK,7,2,4,7,95,103,95,695.4,198,103,50,120,13,1,0,7.32,0,0,0,2
2025-09-09,37,9,3,2025,28,SKU028,Hand Wash,Personal Care,PCR,1,3,3,17,118,95,118,643.1,230,112,50,120,13,1,0,5.45,0,0,0,4
2025-04-26,17,4,2,2025,25,SKU025,Toothpaste,Personal Care,PCR,7,3,4,16,167,188,167,1562.87,270,103,50,120,10,3,0,11.01,15,0,0,1
2025-10-26,43,10,4,2025,25,SKU025,Toothpaste,Personal Care,PCR,3,3,4,5,118,134,118,1322.26,338,220,50,120,4,6,0,12.18,8,0,0,4
2025-07-16,29,7,3,2025,19,SKU019,Butter 200g,Dairy,DAR,4,2,4,12,208,178,208,1858.17,287,79,50,120,11,3,0,10.51,15,0,0,3
2025-08-31,35,8,3,2025,20,SKU020,Cheese Slices,Dairy,DAR,5,1,2,7,146,164,146,2099.48,209,63,50,120,13,1,0,14.38,0,0,0,0
2025-04-06,14,4,2,2025,38,SKU038,Cooking Oil,Home Care,HCR,4,5,3,9,169,193,126,1043.28,126,0,50,120,13,6,0,9,8,1,43,0
2025-04-03,14,4,2,2025,7,SKU007,Mango Juice 1L,Beverages,BVG,4,5,4,2,187,174,161,2027.15,161,0,50,120,3,2,0,13.99,10,1,26,3
2025-02-24,9,2,1,2025,18,SKU018,Yogurt Cup,Dairy,DAR,3,2,2,7,166,161,166,3001.28,251,85,50,120,13,1,0,18.08,0,0,0,3
2025-10-09,41,10,4,2025,22,SKU022,Flavored Milk,Dairy,DAR,5,1,4,8,211,202,138,2586.12,138,0,50,120,9,1,0,18.74,0,1,73,4
2025-09-08,37,9,3,2025,16,SKU016,Corn Chips,Dairy,DAR,8,5,2,15,156,161,156,2552.47,210,54,50,120,4,2,0,18.18,10,0,0,4
2025-11-20,47,11,4,2025,33,SKU033,Fabric Softener,Home Care,HCR,8,3,3,18,109,108,109,1204.76,210,101,50,120,9,5,0,12.56,12,0,0,2
2025-11-05,45,11,4,2025,4,SKU004,Energy Drink 250ml,Beverages,BVG,6,5,1,10,198,202,194,1971.04,194,0,50,120,7,1,0,10.16,0,1,4,0
2025-05-05,19,5,2,2025,19,SKU019,Butter 200g,Dairy,DAR,6,3,1,8,196,209,196,2322.4,278,82,50,120,12,3,0,13.94,15,0,0,4
2025-12-05,49,12,4,2025,12,SKU012,Chocolate Cookies,Snacks,SNK,7,5,2,10,202,185,185,2580.75,185,0,50,120,12,1,0,13.95,0,1,17,3
2025-01-11,2,1,1,2025,26,SKU026,Face Wash,Personal Care,PCR,2,2,2,8,143,131,143,529.67,268,125,50,120,12,4,0,4.63,20,0,0,1
2025-08-22,34,8,3,2025,23,SKU023,Shampoo,Dairy,DAR,7,4,3,15,161,141,161,969.22,339,178,50,120,14,1,0,6.02,0,0,0,0
2025-09-05,36,9,3,2025,17,SKU017,Milk 1L,Dairy,DAR,3,3,1,5,158,191,158,2381.06,327,169,50,120,13,1,0,15.07,0,0,0,0
2025-06-11,24,6,2,2025,6,SKU006,Lemon Soda 330ml,Beverages,BVG,6,1,1,13,212,219,137,553.14,137,0,50,120,13,3,0,4.75,15,1,75,3
2025-12-16,51,12,4,2025,11,SKU011,Salted Peanuts,Snacks,SNK,4,3,3,6,113,134,113,1579.4,342,229,50,120,12,2,0,15.53,10,0,0,0
2025-08-30,35,8,3,2025,3,SKU003,Mineral Water 1.5L,Beverages,BVG,4,5,1,1,129,144,129,1605.66,325,196,50,120,10,2,0,13.83,10,0,0,0
2025-02-24,9,2,1,2025,3,SKU003,Mineral Water 1.5L,Beverages,BVG,1,4,1,3,119,137,119,817.29,282,163,50,120,14,3,0,8.08,15,0,0,1
2025-04-21,17,4,2,2025,30,SKU030,Dishwashing Liquid,Personal Care,PCR,7,3,1,6,82,91,82,1225.9,326,244,50,120,3,1,0,14.95,0,0,0,0
2025-06-27,26,6,2,2025,3,SKU003,Mineral Water 1.5L,Beverages,BVG,2,1,3,7,281,244,204,2737.68,204,0,50,120,8,1,0,13.42,0,1,77,4
2025-12-21,51,12,4,2025,15,SKU015,Pretzels,Snacks,SNK,2,5,1,14,117,134,117,343.37,317,200,50,120,9,6,4,3.19,8,0,0,4
2025-01-17,3,1,1,2025,5,SKU005,Iced Tea 500ml,Beverages,BVG,2,4,3,5,170,156,165,1433.85,165,0,50,120,14,1,0,8.69,0,1,5,3
2025-02-28,9,2,1,2025,25,SKU025,Toothpaste,Personal Care,PCR,3,1,4,18,202,173,202,3967.28,311,109,50,120,10,1,0,19.64,0,0,0,0
2025-08-20,34,8,3,2025,27,SKU027,Body Lotion,Personal Care,PCR,6,2,4,1,203,181,203,2325.57,311,108,50,120,10,4,0,14.32,20,0,0,0
2025-04-28,18,4,2,2025,39,SKU039,Rice,Home Care,HCR,3,4,1,3,109,116,109,1878.11,315,206,50,120,14,5,0,19.58,12,0,0,0
2025-06-25,26,6,2,2025,7,SKU007,Mango Juice 1L,Beverages,BVG,6,1,4,4,273,266,271,4764.18,271,0,50,120,14,1,0,17.58,0,1,2,1
2025-12-17,51,12,4,2025,14,SKU014,Popcorn,Snacks,SNK,1,4,3,17,108,106,108,1429.92,167,59,50,120,14,1,0,13.24,0,0,0,0
2025-12-12,50,12,4,2025,9,SKU009,Potato Chips,Snacks,SNK,1,3,3,3,132,149,132,1607.23,339,207,50,120,13,4,0,15.22,20,0,0,0
2025-11-07,45,11,4,2025,18,SKU018,Yogurt Cup,Dairy,DAR,1,3,3,15,202,180,202,3461.47,344,142,50,120,7,2,0,19.04,10,0,0,3
2025-09-06,36,9,3,2025,24,SKU024,Soap,Personal Care,PCR,3,2,1,11,195,200,195,3394.95,254,59,50,120,8,1,0,17.41,0,0,0,2
2025-10-23,43,10,4,2025,10,SKU010,Cheese Crackers,Snacks,SNK,3,3,3,11,211,227,134,908.52,134,0,50,120,7,1,0,6.78,0,1,77,2
2025-11-08,45,11,4,2025,37,SKU037,Fruit Jam,Home Care,HCR,8,4,3,6,180,219,171,3302.01,171,0,50,120,9,1,0,19.31,0,1,9,1
2025-02-18,8,2,1,2025,38,SKU038,Cooking Oil,Home Care,HCR,7,1,1,16,162,187,162,2172.42,288,126,50,120,11,1,0,13.41,0,0,0,0
2025-11-06,45,11,4,2025,16,SKU016,Corn Chips,Dairy,DAR,2,2,2,11,220,179,220,4085.4,253,33,50,120,4,1,0,18.57,0,0,0,2
2025-02-19,8,2,1,2025,7,SKU007,Mango Juice 1L,Beverages,BVG,5,1,1,1,211,184,211,4205.23,341,130,50,120,3,1,0,19.93,0,0,0,2
2025-03-17,12,3,1,2025,35,SKU035,Cereal,Home Care,HCR,8,5,3,20,201,215,129,2276.85,129,0,50,120,2,1,0,17.65,0,1,72,2
2025-08-31,35,8,3,2025,37,SKU037,Fruit Jam,Home Care,HCR,8,1,3,17,251,225,141,2462.09,141,0,50,120,7,6,0,18.98,8,1,110,4
2025-02-20,8,2,1,2025,23,SKU023,Shampoo,Dairy,DAR,7,5,1,1,219,204,219,3821.55,257,38,50,120,10,1,0,17.45,0,0,0,0
2025-04-26,17,4,2,2025,39,SKU039,Rice,Home Care,HCR,4,1,1,1,227,214,227,848.98,323,96,50,120,14,1,0,3.74,0,0,0,0
2025-04-06,14,4,2,2025,29,SKU029,Laundry Detergent,Personal Care,PCR,6,1,2,10,180,202,180,1224,321,141,50,120,5,1,0,6.8,0,0,0,4
2025-12-30,1,12,4,2025,30,SKU030,Dishwashing Liquid,Personal Care,PCR,4,4,1,5,185,151,185,2196.78,256,71,50,120,14,3,4,13.97,15,0,0,3
2025-03-07,10,3,1,2025,40,SKU040,Tea Pack,Home Care,HCR,5,1,3,20,154,178,141,1662.39,141,0,50,120,2,1,0,11.79,0,1,13,2
2025-11-08,45,11,4,2025,28,SKU028,Hand Wash,Personal Care,PCR,3,1,3,18,170,158,170,1201.9,267,97,50,120,3,1,0,7.07,0,0,0,3
2025-05-30,22,5,2,2025,9,SKU009,Potato Chips,Snacks,SNK,1,3,4,16,72,81,72,1214.64,288,216,50,120,7,1,0,16.87,0,0,0,2
2025-12-31,1,12,4,2025,3,SKU003,Mineral Water 1.5L,Beverages,BVG,7,1,4,15,209,218,156,1833,156,0,50,120,4,1,4,11.75,0,1,53,1
2025-11-16,46,11,4,2025,14,SKU014,Popcorn,Snacks,SNK,6,3,2,13,69,88,69,872.16,207,138,50,120,5,1,0,12.64,0,0,0,2
2025-02-04,6,2,1,2025,5,SKU005,Iced Tea 500ml,Beverages,BVG,7,4,2,2,193,209,193,460.11,346,153,50,120,10,4,0,2.98,20,0,0,4
2025-01-20,4,1,1,2025,9,SKU009,Potato Chips,Snacks,SNK,1,2,2,10,209,202,209,2877.93,307,98,50,120,9,1,0,13.77,0,0,0,0
2025-12-24,52,12,4,2025,23,SKU023,Shampoo,Dairy,DAR,6,3,2,11,159,155,127,339.34,127,0,50,120,8,4,4,3.34,20,1,32,4
2025-06-26,26,6,2,2025,3,SKU003,Mineral Water 1.5L,Beverages,BVG,4,4,3,1,117,123,117,2270.97,249,132,50,120,14,1,0,19.41,0,0,0,3
2025-02-20,8,2,1,2025,34,SKU034,Floor Cleaner,Home Care,HCR,1,3,3,3,109,120,109,505.41,161,52,50,120,9,6,0,5.04,8,0,0,1
2025-07-15,29,7,3,2025,7,SKU007,Mango Juice 1L,Beverages,BVG,4,3,3,16,149,133,149,1960.84,168,19,50,120,9,1,0,13.16,0,0,0,1
2025-05-28,22,5,2,2025,39,SKU039,Rice,Home Care,HCR,1,4,2,13,128,117,128,1753.6,350,222,50,120,2,1,0,13.7,0,0,0,2
2025-09-30,40,9,3,2025,1,SKU001,Cola 500ml,Beverages,BVG,1,1,4,6,130,145,122,1472.54,122,0,50,120,3,3,0,14.2,15,1,8,2
2025-12-01,49,12,4,2025,17,SKU017,Milk 1L,Dairy,DAR,5,4,4,8,94,89,94,667.4,144,50,50,120,4,1,0,7.1,0,0,0,0
2025-11-17,47,11,4,2025,1,SKU001,Cola 500ml,Beverages,BVG,4,3,2,13,87,108,87,708.53,347,260,50,120,6,4,0,10.18,20,0,0,0
2025-02-02,5,2,1,2025,9,SKU009,Potato Chips,Snacks,SNK,3,1,3,4,101,100,101,1766.49,252,151,50,120,7,1,0,17.49,0,0,0,0
2025-09-27,39,9,3,2025,27,SKU027,Body Lotion,Personal Care,PCR,4,2,1,14,117,120,117,1579.08,258,141,50,120,12,6,0,14.67,8,0,0,1
2025-09-30,40,9,3,2025,26,SKU026,Face Wash,Personal Care,PCR,4,1,4,10,165,157,165,438.9,325,160,50,120,12,1,0,2.66,0,0,0,4
2025-10-31,44,10,4,2025,17,SKU017,Milk 1L,Dairy,DAR,4,3,2,13,264,250,194,953.32,194,0,50,120,2,2,0,5.46,10,1,70,3
2025-05-25,21,5,2,2025,34,SKU034,Floor Cleaner,Home Care,HCR,2,5,1,19,229,239,229,3477.14,317,88,50,120,11,4,0,18.98,20,0,0,4
2025-10-03,40,10,4,2025,11,SKU011,Salted Peanuts,Snacks,SNK,4,5,3,6,134,163,134,891.1,336,202,50,120,11,1,0,6.65,0,0,0,3
2025-09-08,37,9,3,2025,30,SKU030,Dishwashing Liquid,Personal Care,PCR,2,1,3,4,120,123,120,593.47,148,28,50,120,7,5,0,5.62,12,0,0,3
2025-07-17,29,7,3,2025,39,SKU039,Rice,Home Care,HCR,2,5,3,15,142,139,142,2341.58,258,116,50,120,9,3,0,19.4,15,0,0,1
2025-08-12,33,8,3,2025,27,SKU027,Body Lotion,Personal Care,PCR,7,5,4,10,177,211,177,3247.95,336,159,50,120,9,1,0,18.35,0,0,0,1
2025-06-20,25,6,2,2025,4,SKU004,Energy Drink 250ml,Beverages,BVG,3,3,3,6,252,220,124,2453.96,124,0,50,120,3,1,0,19.79,0,1,128,1
2025-08-31,35,8,3,2025,19,SKU019,Butter 200g,Dairy,DAR,6,1,2,19,104,117,104,896.48,144,40,50,120,8,1,0,8.62,0,0,0,1
2025-06-24,26,6,2,2025,3,SKU003,Mineral Water 1.5L,Beverages,BVG,6,2,3,15,139,143,139,2438.06,166,27,50,120,7,1,0,17.54,0,0,0,0
2025-07-22,30,7,3,2025,31,SKU031,Surface Cleaner,Personal Care,PCR,3,1,2,19,180,218,180,568.62,206,26,50,120,2,2,0,3.51,10,0,0,4
2025-07-01,27,7,3,2025,19,SKU019,Butter 200g,Dairy,DAR,5,2,3,12,189,167,167,679.69,167,0,50,120,3,1,0,4.07,0,1,22,0
2025-06-14,24,6,2,2025,35,SKU035,Cereal,Home Care,HCR,7,1,2,19,130,133,130,1508,208,78,50,120,12,4,0,14.5,20,0,0,3
2025-08-18,34,8,3,2025,19,SKU019,Butter 200g,Dairy,DAR,2,4,3,4,167,183,167,873.41,264,97,50,120,10,1,0,5.23,0,0,0,2
2025-09-24,39,9,3,2025,11,SKU011,Salted Peanuts,Snacks,SNK,1,2,3,19,138,124,138,1008.78,185,47,50,120,10,1,0,7.31,0,0,0,2
2025-06-05,23,6,2,2025,26,SKU026,Face Wash,Personal Care,PCR,8,2,1,6,225,205,213,954.24,213,0,50,120,3,1,0,4.48,0,1,12,4
2025-05-05,19,5,2,2025,3,SKU003,Mineral Water 1.5L,Beverages,BVG,4,3,4,9,279,290,279,3094.11,311,32,50,120,13,1,0,11.09,0,0,0,1
2025-12-17,51,12,4,2025,32,SKU032,Toilet Cleaner,Home Care,HCR,3,5,4,1,194,222,187,807.84,187,0,50,120,7,1,0,4.32,0,1,7,2
2025-07-11,28,7,3,2025,10,SKU010,Cheese Crackers,Snacks,SNK,8,2,4,13,190,183,190,3518.8,206,16,50,120,5,1,0,18.52,0,0,0,0
2025-04-23,17,4,2,2025,13,SKU013,Nachos,Snacks,SNK,5,5,2,18,107,84,107,1975.22,311,204,50,120,6,1,0,18.46,0,0,0,1
2025-08-30,35,8,3,2025,35,SKU035,Cereal,Home Care,HCR,4,5,4,19,245,229,203,2424.63,203,0,50,120,10,4,0,14.93,20,1,42,4
2025-03-10,11,3,1,2025,26,SKU026,Face Wash,Personal Care,PCR,5,3,4,13,228,204,122,555.1,122,0,50,120,14,1,0,4.55,0,1,106,0
2025-10-19,42,10,4,2025,2,SKU002,Orange Juice 1L,Beverages,BVG,8,2,3,10,142,152,142,385.96,157,15,50,120,8,2,0,3.02,10,0,0,0
2025-12-30,1,12,4,2025,10,SKU010,Cheese Crackers,Snacks,SNK,7,4,1,8,150,151,150,2365.5,239,89,50,120,11,1,4,15.77,0,0,0,3
2025-02-26,9,2,1,2025,17,SKU017,Milk 1L,Dairy,DAR,5,1,4,13,103,112,103,1005.28,122,19,50,120,12,1,0,9.76,0,0,0,3
2025-02-25,9,2,1,2025,19,SKU019,Butter 200g,Dairy,DAR,7,1,4,6,164,179,164,2315.68,192,28,50,120,2,1,0,14.12,0,0,0,4
2025-08-03,31,8,3,2025,1,SKU001,Cola 500ml,Beverages,BVG,1,1,2,9,223,241,134,326.83,134,0,50,120,12,2,0,2.71,10,1,89,1
2025-10-17,42,10,4,2025,6,SKU006,Lemon Soda 330ml,Beverages,BVG,7,5,2,9,129,157,129,1310.77,200,71,50,120,13,2,0,11.29,10,0,0,3
2025-06-22,25,6,2,2025,31,SKU031,Surface Cleaner,Personal Care,PCR,7,5,2,19,185,222,185,2904.5,253,68,50,120,7,1,0,15.7,0,0,0,0
2025-10-26,43,10,4,2025,32,SKU032,Toilet Cleaner,Home Care,HCR,6,2,3,19,125,104,125,1032.5,138,13,50,120,13,1,0,8.26,0,0,0,1
2025-09-28,39,9,3,2025,8,SKU008,Sparkling Water 500ml,Snacks,SNK,4,5,1,5,227,211,227,2470.58,251,24,50,120,13,6,0,11.83,8,0,0,0
2025-05-12,20,5,2,2025,12,SKU012,Chocolate Cookies,Snacks,SNK,2,2,3,11,198,225,198,3503.41,341,143,50,120,2,2,0,19.66,10,0,0,3
2025-09-11,37,9,3,2025,32,SKU032,Toilet Cleaner,Home Care,HCR,3,3,1,8,264,266,135,1428.64,135,0,50,120,14,3,0,12.45,15,1,129,2
2025-03-05,10,3,1,2025,11,SKU011,Salted Peanuts,Snacks,SNK,6,5,3,7,170,177,170,1247.8,344,174,50,120,13,1,0,7.34,0,0,0,4
2025-08-13,33,8,3,2025,22,SKU022,Flavored Milk,Dairy,DAR,1,3,1,14,231,236,231,3141.6,237,6,50,120,7,4,0,17,20,0,0,1
2025-01-09,2,1,1,2025,29,SKU029,Laundry Detergent,Personal Care,PCR,1,3,1,18,128,111,128,889.6,254,126,50,120,3,1,0,6.95,0,0,0,1
2025-10-28,44,10,4,2025,40,SKU040,Tea Pack,Home Care,HCR,7,2,3,15,121,114,121,414.91,136,15,50,120,2,2,0,3.81,10,0,0,1
2025-10-11,41,10,4,2025,35,SKU035,Cereal,Home Care,HCR,7,5,4,2,204,200,201,3205.95,201,0,50,120,13,1,0,15.95,0,1,3,4
2025-08-19,34,8,3,2025,5,SKU005,Iced Tea 500ml,Beverages,BVG,7,4,2,2,157,154,157,1293.68,179,22,50,120,4,1,0,8.24,0,0,0,0
2025-03-21,12,3,1,2025,36,SKU036,Biscuits,Home Care,HCR,1,2,2,3,111,126,111,1304.25,250,139,50,120,3,1,0,11.75,0,0,0,4
2025-08-04,32,8,3,2025,7,SKU007,Mango Juice 1L,Beverages,BVG,1,3,4,8,284,303,273,3526.29,273,0,50,120,6,6,0,14.04,8,1,11,0
2025-12-03,49,12,4,2025,38,SKU038,Cooking Oil,Home Care,HCR,4,4,4,4,158,166,124,1949.28,124,0,50,120,2,4,0,19.65,20,1,34,3
2025-03-21,12,3,1,2025,29,SKU029,Laundry Detergent,Personal Care,PCR,7,5,4,13,146,120,146,2461.56,323,177,50,120,9,1,0,16.86,0,0,0,2
2025-01-09,2,1,1,2025,29,SKU029,Laundry Detergent,Personal Care,PCR,3,1,3,4,174,175,174,2977.14,340,166,50,120,8,1,0,17.11,0,0,0,3
2025-02-16,7,2,1,2025,28,SKU028,Hand Wash,Personal Care,PCR,1,2,2,3,192,201,192,1825.92,273,81,50,120,10,1,0,9.51,0,0,0,3
2025-07-18,29,7,3,2025,20,SKU020,Cheese Slices,Dairy,DAR,7,5,4,6,94,110,94,1075.36,276,182,50,120,12,1,0,11.44,0,0,0,0
2025-02-01,5,2,1,2025,33,SKU033,Fabric Softener,Home Care,HCR,2,4,2,1,165,186,165,1169.85,225,60,50,120,6,1,0,7.09,0,0,0,4
2025-09-03,36,9,3,2025,10,SKU010,Cheese Crackers,Snacks,SNK,7,2,3,5,88,101,88,274.14,197,109,50,120,9,5,0,3.54,12,0,0,4
2025-10-17,42,10,4,2025,28,SKU028,Hand Wash,Personal Care,PCR,8,2,4,16,72,85,72,840.96,215,143,50,120,6,1,0,11.68,0,0,0,2
2025-09-01,36,9,3,2025,29,SKU029,Laundry Detergent,Personal Care,PCR,5,1,3,7,136,109,136,558.96,280,144,50,120,8,1,0,4.11,0,0,0,3
2025-05-05,19,5,2,2025,10,SKU010,Cheese Crackers,Snacks,SNK,8,4,3,5,217,210,194,3447.38,194,0,50,120,3,1,0,17.77,0,1,23,2
2025-08-21,34,8,3,2025,35,SKU035,Cereal,Home Care,HCR,1,2,3,1,272,263,272,1784.59,323,51,50,120,4,2,0,7.29,10,0,0,0
2025-01-19,3,1,1,2025,10,SKU010,Cheese Crackers,Snacks,SNK,2,2,2,8,174,199,174,1113.6,333,159,50,120,8,4,0,8,20,0,0,4
2025-02-22,8,2,1,2025,8,SKU008,Sparkling Water 500ml,Snacks,SNK,4,3,2,12,130,144,130,2258.26,133,3,50,120,10,5,0,19.74,12,0,0,3
2025-07-30,31,7,3,2025,12,SKU012,Chocolate Cookies,Snacks,SNK,5,5,3,16,120,122,120,955.2,139,19,50,120,5,1,0,7.96,0,0,0,3
2025-08-04,32,8,3,2025,38,SKU038,Cooking Oil,Home Care,HCR,4,2,1,20,202,196,202,3678.42,230,28,50,120,12,1,0,18.21,0,0,0,3
2025-10-28,44,10,4,2025,29,SKU029,Laundry Detergent,Personal Care,PCR,6,3,3,8,180,164,180,753.3,274,94,50,120,6,2,0,4.65,10,0,0,4
2025-01-10,2,1,1,2025,14,SKU014,Popcorn,Snacks,SNK,3,3,1,20,112,139,112,1952.16,230,118,50,120,7,1,0,17.43,0,0,0,3
2025-06-03,23,6,2,2025,7,SKU007,Mango Juice 1L,Beverages,BVG,7,5,1,5,271,293,271,3054.17,276,5,50,120,9,1,0,11.27,0,0,0,4
2025-04-10,15,4,2,2025,36,SKU036,Biscuits,Home Care,HCR,4,2,2,18,200,205,200,1114.08,239,39,50,120,12,5,0,6.33,12,0,0,3
2025-12-17,51,12,4,2025,31,SKU031,Surface Cleaner,Personal Care,PCR,2,5,2,16,201,167,201,2239.14,292,91,50,120,12,1,0,11.14,0,0,0,4
2025-11-17,47,11,4,2025,11,SKU011,Salted Peanuts,Snacks,SNK,2,5,3,1,111,107,111,1336.44,292,181,50,120,6,1,0,12.04,0,0,0,4
2025-07-06,27,7,3,2025,17,SKU017,Milk 1L,Dairy,DAR,8,4,2,7,117,119,117,1176.2,258,141,50,120,6,2,0,11.17,10,0,0,3
2025-03-24,13,3,1,2025,15,SKU015,Pretzels,Snacks,SNK,1,2,2,12,143,130,143,2092.09,264,121,50,120,10,1,0,14.63,0,0,0,3
2025-11-01,44,11,4,2025,13,SKU013,Nachos,Snacks,SNK,6,2,3,15,121,152,121,372.68,132,11,50,120,14,1,0,3.08,0,0,0,3
2025-12-22,52,12,4,2025,17,SKU017,Milk 1L,Dairy,DAR,2,2,1,3,169,158,169,674.31,250,81,50,120,7,1,4,3.99,0,0,0,0
2025-08-27,35,8,3,2025,13,SKU013,Nachos,Snacks,SNK,1,2,4,19,215,237,215,2022.72,305,90,50,120,6,4,0,11.76,20,0,0,4
2025-06-26,26,6,2,2025,25,SKU025,Toothpaste,Personal Care,PCR,5,1,4,7,89,109,89,1123.89,175,86,50,120,10,5,0,14.35,12,0,0,1
2025-09-05,36,9,3,2025,32,SKU032,Toilet Cleaner,Home Care,HCR,6,2,4,4,184,165,184,3363.52,261,77,50,120,2,1,0,18.28,0,0,0,3
2025-05-05,19,5,2,2025,33,SKU033,Fabric Softener,Home Care,HCR,4,1,2,5,201,191,201,876.36,210,9,50,120,3,1,0,4.36,0,0,0,2
2025-07-24,30,7,3,2025,32,SKU032,Toilet Cleaner,Home Care,HCR,5,3,2,1,155,163,155,1342.3,155,0,50,120,3,1,0,8.66,0,0,0,1
2025-08-15,33,8,3,2025,7,SKU007,Mango Juice 1L,Beverages,BVG,2,1,2,18,195,187,195,912.6,258,63,50,120,3,1,0,4.68,0,0,0,2
2025-09-01,36,9,3,2025,39,SKU039,Rice,Home Care,HCR,3,5,1,7,112,126,112,1305.92,202,90,50,120,6,1,0,11.66,0,0,0,0
2025-09-19,38,9,3,2025,36,SKU036,Biscuits,Home Care,HCR,8,4,2,1,112,115,112,427.84,231,119,50,120,10,1,0,3.82,0,0,0,3
2025-08-04,32,8,3,2025,39,SKU039,Rice,Home Care,HCR,4,5,1,3,176,160,158,2307.91,158,0,50,120,5,2,0,16.23,10,1,18,0
2025-11-17,47,11,4,2025,5,SKU005,Iced Tea 500ml,Beverages,BVG,3,5,2,9,126,120,126,1718.64,342,216,50,120,14,1,0,13.64,0,0,0,0
2025-01-05,1,1,1,2025,11,SKU011,Salted Peanuts,Snacks,SNK,2,1,1,8,122,142,122,594.14,322,200,50,120,13,1,0,4.87,0,0,0,3
2025-03-08,10,3,1,2025,37,SKU037,Fruit Jam,Home Care,HCR,4,3,3,16,229,210,229,2264.81,234,5,50,120,11,1,0,9.89,0,0,0,4
2025-07-24,30,7,3,2025,13,SKU013,Nachos,Snacks,SNK,7,3,3,7,227,235,206,3154.27,206,0,50,120,9,5,0,17.4,12,1,21,2
2025-08-22,34,8,3,2025,16,SKU016,Corn Chips,Dairy,DAR,5,2,2,3,205,203,205,3749.45,305,100,50,120,9,1,0,18.29,0,0,0,3
2025-03-13,11,3,1,2025,7,SKU007,Mango Juice 1L,Beverages,BVG,4,5,3,3,159,177,159,1403.97,334,175,50,120,5,1,0,8.83,0,0,0,0
2025-05-29,22,5,2,2025,21,SKU021,Cream 250ml,Dairy,DAR,1,1,1,3,209,203,129,694.02,129,0,50,120,9,1,0,5.38,0,1,80,4
2025-11-09,45,11,4,2025,11,SKU011,Salted Peanuts,Snacks,SNK,2,5,3,4,80,84,80,879.2,312,232,50,120,9,1,0,10.99,0,0,0,0
2025-11-01,44,11,4,2025,39,SKU039,Rice,Home Care,HCR,5,4,4,1,193,172,193,1943.7,208,15,50,120,10,2,0,11.19,10,0,0,0
2025-09-27,39,9,3,2025,13,SKU013,Nachos,Snacks,SNK,5,4,1,16,202,179,202,1947.28,235,33,50,120,6,1,0,9.64,0,0,0,2
2025-12-05,49,12,4,2025,13,SKU013,Nachos,Snacks,SNK,5,5,1,17,152,138,152,3021.76,344,192,50,120,10,1,0,19.88,0,0,0,4
2025-05-22,21,5,2,2025,11,SKU011,Salted Peanuts,Snacks,SNK,6,5,4,11,217,261,217,743.33,254,37,50,120,13,3,0,4.03,15,0,0,1
2025-09-01,36,9,3,2025,30,SKU030,Dishwashing Liquid,Personal Care,PCR,2,4,2,6,147,126,124,1042.84,124,0,50,120,4,1,0,8.41,0,1,23,1
2025-01-10,2,1,1,2025,13,SKU013,Nachos,Snacks,SNK,6,3,2,11,132,161,132,2084.28,174,42,50,120,9,1,0,15.79,0,0,0,0
2025-11-11,46,11,4,2025,16,SKU016,Corn Chips,Dairy,DAR,5,3,4,13,199,181,151,2151.75,151,0,50,120,3,1,0,14.25,0,1,48,1
2025-05-10,19,5,2,2025,23,SKU023,Shampoo,Dairy,DAR,2,4,2,11,99,90,99,828.63,261,162,50,120,5,1,0,8.37,0,0,0,3
2025-08-15,33,8,3,2025,34,SKU034,Floor Cleaner,Home Care,HCR,8,4,1,4,162,181,162,2677.86,345,183,50,120,9,1,0,16.53,0,0,0,0
2025-01-14,3,1,1,2025,21,SKU021,Cream 250ml,Dairy,DAR,4,1,3,16,124,116,124,294.62,134,10,50,120,7,5,0,2.7,12,0,0,2
2025-03-19,12,3,1,2025,8,SKU008,Sparkling Water 500ml,Snacks,SNK,6,3,4,13,108,95,108,730.86,347,239,50,120,12,5,0,7.69,12,0,0,1
2025-01-29,5,1,1,2025,6,SKU006,Lemon Soda 330ml,Beverages,BVG,4,2,4,10,96,99,96,1603.2,305,209,50,120,6,1,0,16.7,0,0,0,2
2025-05-10,19,5,2,2025,29,SKU029,Laundry Detergent,Personal Care,PCR,3,5,1,6,161,170,161,2922.15,301,140,50,120,7,1,0,18.15,0,0,0,4
2025-04-03,14,4,2,2025,12,SKU012,Chocolate Cookies,Snacks,SNK,8,1,3,2,249,221,249,797.92,318,69,50,120,3,3,0,3.77,15,0,0,3
2025-03-15,11,3,1,2025,9,SKU009,Potato Chips,Snacks,SNK,5,3,4,14,110,114,110,1357.4,127,17,50,120,2,1,0,12.34,0,0,0,4
2025-04-14,16,4,2,2025,8,SKU008,Sparkling Water 500ml,Snacks,SNK,4,2,4,17,159,195,159,1847.58,227,68,50,120,13,1,0,11.62,0,0,0,4
2025-07-19,29,7,3,2025,8,SKU008,Sparkling Water 500ml,Snacks,SNK,4,5,1,5,94,95,94,1095.1,134,40,50,120,13,1,0,11.65,0,0,0,3
2025-04-04,14,4,2,2025,2,SKU002,Orange Juice 1L,Beverages,BVG,1,1,3,3,95,102,95,519.16,320,225,50,120,7,5,0,6.21,12,0,0,4
2025-09-03,36,9,3,2025,17,SKU017,Milk 1L,Dairy,DAR,2,4,1,14,193,223,193,548.12,306,113,50,120,7,4,0,3.55,20,0,0,0
2025-09-29,40,9,3,2025,16,SKU016,Corn Chips,Dairy,DAR,4,1,2,5,129,159,129,1888.56,313,184,50,120,4,1,0,14.64,0,0,0,4
2025-08-26,35,8,3,2025,23,SKU023,Shampoo,Dairy,DAR,5,5,1,9,104,100,104,1256.32,130,26,50,120,3,1,0,12.08,0,0,0,2
2025-06-16,25,6,2,2025,11,SKU011,Salted Peanuts,Snacks,SNK,8,5,1,3,178,186,178,2297.98,310,132,50,120,11,1,0,12.91,0,0,0,2
2025-04-17,16,4,2,2025,13,SKU013,Nachos,Snacks,SNK,8,5,3,2,124,102,124,1133.36,304,180,50,120,8,1,0,9.14,0,0,0,2
2025-09-11,37,9,3,2025,9,SKU009,Potato Chips,Snacks,SNK,6,1,1,2,221,188,221,448.63,302,81,50,120,6,1,0,2.03,0,0,0,2
2025-01-19,3,1,1,2025,6,SKU006,Lemon Soda 330ml,Beverages,BVG,4,5,4,1,158,162,158,930.7,319,161,50,120,6,3,0,6.93,15,0,0,4
2025-02-16,7,2,1,2025,35,SKU035,Cereal,Home Care,HCR,7,1,3,17,158,137,158,2177,164,6,50,120,4,3,0,16.21,15,0,0,3
2025-10-05,40,10,4,2025,12,SKU012,Chocolate Cookies,Snacks,SNK,6,5,3,7,147,140,147,2391.98,339,192,50,120,11,2,0,18.08,10,0,0,1
2025-06-22,25,6,2,2025,21,SKU021,Cream 250ml,Dairy,DAR,8,1,2,5,78,96,78,1322.1,153,75,50,120,10,1,0,16.95,0,0,0,4
2025-11-24,48,11,4,2025,12,SKU012,Chocolate Cookies,Snacks,SNK,1,1,4,3,113,119,113,364.09,309,196,50,120,13,2,0,3.58,10,0,0,1
2025-02-09,6,2,1,2025,32,SKU032,Toilet Cleaner,Home Care,HCR,7,1,3,2,208,223,125,2021.25,125,0,50,120,5,1,0,16.17,0,1,83,1
2025-02-17,8,2,1,2025,12,SKU012,Chocolate Cookies,Snacks,SNK,4,2,2,3,152,161,152,673.06,218,66,50,120,5,2,0,4.92,10,0,0,1
2025-01-20,4,1,1,2025,12,SKU012,Chocolate Cookies,Snacks,SNK,3,2,2,1,149,152,149,2354.2,292,143,50,120,10,1,0,15.8,0,0,0,2
2025-08-02,31,8,3,2025,33,SKU033,Fabric Softener,Home Care,HCR,2,3,2,17,190,190,166,2792.12,166,0,50,120,7,1,0,16.82,0,1,24,2
2025-12-05,49,12,4,2025,19,SKU019,Butter 200g,Dairy,DAR,3,4,1,16,103,124,103,1954.94,157,54,50,120,3,1,0,18.98,0,0,0,2
2025-04-09,15,4,2,2025,34,SKU034,Floor Cleaner,Home Care,HCR,4,2,4,1,182,222,182,1164.8,277,95,50,120,14,1,0,6.4,0,0,0,2
2025-03-01,9,3,1,2025,26,SKU026,Face Wash,Personal Care,PCR,8,4,1,17,102,85,102,905.76,179,77,50,120,9,1,0,8.88,0,0,0,1
2025-08-03,31,8,3,2025,20,SKU020,Cheese Slices,Dairy,DAR,3,2,4,14,85,91,85,791.86,286,201,50,120,8,3,0,10.96,15,0,0,2
2025-11-14,46,11,4,2025,4,SKU004,Energy Drink 250ml,Beverages,BVG,3,2,3,20,89,114,89,211.46,263,174,50,120,5,2,0,2.64,10,0,0,0
2025-01-21,4,1,1,2025,7,SKU007,Mango Juice 1L,Beverages,BVG,4,1,3,12,182,223,182,2988.44,304,122,50,120,2,1,0,16.42,0,0,0,2
2025-05-23,21,5,2,2025,34,SKU034,Floor Cleaner,Home Care,HCR,4,1,4,17,240,212,240,2001.24,311,71,50,120,2,3,0,9.81,15,0,0,2
2025-01-14,3,1,1,2025,3,SKU003,Mineral Water 1.5L,Beverages,BVG,8,3,3,4,196,192,196,3269.28,261,65,50,120,9,1,0,16.68,0,0,0,0
2025-08-19,34,8,3,2025,23,SKU023,Shampoo,Dairy,DAR,5,4,4,10,153,139,134,497.14,134,0,50,120,5,1,0,3.71,0,1,19,3
2025-10-13,42,10,4,2025,37,SKU037,Fruit Jam,Home Care,HCR,3,3,2,10,110,102,110,661.1,263,153,50,120,10,1,0,6.01,0,0,0,3
2025-10-06,41,10,4,2025,26,SKU026,Face Wash,Personal Care,PCR,2,1,4,18,227,208,227,1668.45,332,105,50,120,3,1,0,7.35,0,0,0,0
2025-06-24,26,6,2,2025,28,SKU028,Hand Wash,Personal Care,PCR,3,2,2,10,149,143,149,1352.92,198,49,50,120,6,1,0,9.08,0,0,0,3
2025-01-25,4,1,1,2025,35,SKU035,Cereal,Home Care,HCR,2,4,2,4,150,143,150,2077.5,284,134,50,120,3,1,0,13.85,0,0,0,4
2025-11-03,45,11,4,2025,2,SKU002,Orange Juice 1L,Beverages,BVG,8,3,2,5,245,238,184,2663.49,184,0,50,120,8,3,0,17.03,15,1,61,3
2025-09-29,40,9,3,2025,40,SKU040,Tea Pack,Home Care,HCR,7,5,1,6,122,110,122,2042.28,292,170,50,120,2,1,0,16.74,0,0,0,3
2025-03-27,13,3,1,2025,4,SKU004,Energy Drink 250ml,Beverages,BVG,2,1,1,14,211,186,129,1487.37,129,0,50,120,12,1,0,11.53,0,1,82,4
2025-06-15,24,6,2,2025,23,SKU023,Shampoo,Dairy,DAR,2,2,2,20,95,106,95,494.19,332,237,50,120,8,2,0,5.78,10,0,0,2
2025-07-09,28,7,3,2025,16,SKU016,Corn Chips,Dairy,DAR,4,1,1,1,231,210,144,1705.65,144,0,50,120,11,5,0,13.46,12,1,87,1
2025-06-14,24,6,2,2025,34,SKU034,Floor Cleaner,Home Care,HCR,3,1,2,10,252,230,252,1338.75,265,13,50,120,13,3,0,6.25,15,0,0,1
2025-08-20,34,8,3,2025,11,SKU011,Salted Peanuts,Snacks,SNK,4,4,4,17,127,118,127,1048.19,306,179,50,120,11,3,0,9.71,15,0,0,0
2025-12-27,52,12,4,2025,30,SKU030,Dishwashing Liquid,Personal Care,PCR,1,5,1,7,108,98,108,1459.08,201,93,50,120,9,1,4,13.51,0,0,0,0
2025-04-05,14,4,2,2025,19,SKU019,Butter 200g,Dairy,DAR,3,5,1,11,116,127,116,1179.72,225,109,50,120,12,1,0,10.17,0,0,0,1
2025-08-17,33,8,3,2025,17,SKU017,Milk 1L,Dairy,DAR,2,1,3,15,99,118,99,1400.65,140,41,50,120,13,2,0,15.72,10,0,0,4
2025-01-10,2,1,1,2025,24,SKU024,Soap,Personal Care,PCR,6,5,3,7,105,129,105,1339.8,150,45,50,120,7,5,0,14.5,12,0,0,3
2025-07-11,28,7,3,2025,39,SKU039,Rice,Home Care,HCR,6,3,4,8,126,111,123,246.79,123,0,50,120,9,5,0,2.28,12,1,3,3
2025-03-12,11,3,1,2025,32,SKU032,Toilet Cleaner,Home Care,HCR,1,2,4,19,132,141,132,1116.72,175,43,50,120,12,1,0,8.46,0,0,0,2
2025-02-19,8,2,1,2025,8,SKU008,Sparkling Water 500ml,Snacks,SNK,2,4,4,15,114,115,114,1894,152,38,50,120,7,2,0,18.46,10,0,0,2
2025-11-16,46,11,4,2025,16,SKU016,Corn Chips,Dairy,DAR,7,1,4,6,187,170,187,2253.35,257,70,50,120,6,1,0,12.05,0,0,0,0
2025-02-10,7,2,1,2025,10,SKU010,Cheese Crackers,Snacks,SNK,2,5,3,13,147,129,147,2499,324,177,50,120,3,1,0,17,0,0,0,4
2025-09-12,37,9,3,2025,37,SKU037,Fruit Jam,Home Care,HCR,5,4,2,2,115,109,115,2266.65,200,85,50,120,2,1,0,19.71,0,0,0,4
2025-03-16,11,3,1,2025,8,SKU008,Sparkling Water 500ml,Snacks,SNK,3,2,1,7,200,181,200,1932,228,28,50,120,13,1,0,9.66,0,0,0,0
2025-09-11,37,9,3,2025,14,SKU014,Popcorn,Snacks,SNK,4,1,4,9,191,215,191,2634.94,223,32,50,120,2,3,0,16.23,15,0,0,1
2025-05-05,19,5,2,2025,4,SKU004,Energy Drink 250ml,Beverages,BVG,5,4,2,3,379,352,182,2235.83,182,0,50,120,10,5,0,13.96,12,1,197,1
2025-11-02,44,11,4,2025,18,SKU018,Yogurt Cup,Dairy,DAR,3,4,1,1,180,229,172,1869.64,172,0,50,120,11,1,0,10.87,0,1,8,3
2025-05-17,20,5,2,2025,1,SKU001,Cola 500ml,Beverages,BVG,6,3,2,15,361,350,205,3374.51,205,0,50,120,10,2,0,18.29,10,1,156,1
2025-03-09,10,3,1,2025,39,SKU039,Rice,Home Care,HCR,5,1,2,10,158,141,155,1021.45,155,0,50,120,6,1,0,6.59,0,1,3,4
2025-02-27,9,2,1,2025,26,SKU026,Face Wash,Personal Care,PCR,1,1,2,19,236,213,180,887.04,180,0,50,120,2,5,0,5.6,12,1,56,0
2025-04-25,17,4,2,2025,6,SKU006,Lemon Soda 330ml,Beverages,BVG,5,3,4,3,189,170,139,2009.94,139,0,50,120,9,1,0,14.46,0,1,50,2
2025-08-14,33,8,3,2025,32,SKU032,Toilet Cleaner,Home Care,HCR,1,1,1,5,103,108,103,1876.66,251,148,50,120,10,1,0,18.22,0,0,0,4
2025-11-18,47,11,4,2025,16,SKU016,Corn Chips,Dairy,DAR,5,1,2,13,156,177,156,1661.4,338,182,50,120,11,1,0,10.65,0,0,0,0
2025-07-05,27,7,3,2025,23,SKU023,Shampoo,Dairy,DAR,5,5,1,10,95,97,95,279.22,206,111,50,120,8,5,0,3.34,12,0,0,3
2025-08-03,31,8,3,2025,39,SKU039,Rice,Home Care,HCR,3,5,4,1,267,266,267,1893.78,330,63,50,120,8,5,0,8.06,12,0,0,2
2025-12-11,50,12,4,2025,3,SKU003,Mineral Water 1.5L,Beverages,BVG,3,3,3,5,217,200,168,3190.32,168,0,50,120,7,1,0,18.99,0,1,49,3
2025-01-07,2,1,1,2025,39,SKU039,Rice,Home Care,HCR,6,3,1,9,222,205,134,762.46,134,0,50,120,13,1,0,5.69,0,1,88,1
2025-07-04,27,7,3,2025,20,SKU020,Cheese Slices,Dairy,DAR,1,4,1,2,177,143,136,1939.36,136,0,50,120,10,1,0,14.26,0,1,41,4
2025-12-08,50,12,4,2025,31,SKU031,Surface Cleaner,Personal Care,PCR,1,1,3,17,151,170,128,2113.28,128,0,50,120,13,1,0,16.51,0,1,23,4
2025-03-16,11,3,1,2025,35,SKU035,Cereal,Home Care,HCR,1,2,4,20,235,252,146,2600.41,146,0,50,120,9,2,0,19.79,10,1,89,2
2025-04-10,15,4,2,2025,32,SKU032,Toilet Cleaner,Home Care,HCR,6,1,3,6,141,149,141,1187.78,223,82,50,120,8,2,0,9.36,10,0,0,0
2025-11-15,46,11,4,2025,23,SKU023,Shampoo,Dairy,DAR,8,5,1,3,143,151,143,1810.38,204,61,50,120,10,1,0,12.66,0,0,0,3
2025-09-20,38,9,3,2025,19,SKU019,Butter 200g,Dairy,DAR,4,1,4,13,208,214,208,3527.68,261,53,50,120,10,1,0,16.96,0,0,0,3
2025-03-09,10,3,1,2025,31,SKU031,Surface Cleaner,Personal Care,PCR,7,5,2,2,172,146,141,1175.94,141,0,50,120,10,1,0,8.34,0,1,31,1
2025-03-30,13,3,1,2025,9,SKU009,Potato Chips,Snacks,SNK,4,5,1,12,115,139,115,1163.8,179,64,50,120,10,1,0,10.12,0,0,0,0
2025-01-14,3,1,1,2025,20,SKU020,Cheese Slices,Dairy,DAR,8,4,3,12,155,185,155,2518.75,323,168,50,120,8,1,0,16.25,0,0,0,3
2025-11-28,48,11,4,2025,39,SKU039,Rice,Home Care,HCR,1,2,1,8,106,89,106,1107.83,345,239,50,120,9,6,0,11.36,8,0,0,1
2025-03-07,10,3,1,2025,11,SKU011,Salted Peanuts,Snacks,SNK,8,5,2,20,117,116,117,740.61,135,18,50,120,14,1,0,6.33,0,0,0,3
2025-11-28,48,11,4,2025,18,SKU018,Yogurt Cup,Dairy,DAR,8,1,1,14,117,117,117,1627.47,316,199,50,120,10,1,0,13.91,0,0,0,1
2025-07-30,31,7,3,2025,36,SKU036,Biscuits,Home Care,HCR,2,3,2,1,187,193,187,2214.08,327,140,50,120,6,4,0,14.8,20,0,0,0
2025-12-16,51,12,4,2025,37,SKU037,Fruit Jam,Home Care,HCR,7,2,3,7,108,86,108,994.68,232,124,50,120,14,1,0,9.21,0,0,0,0
2025-09-19,38,9,3,2025,11,SKU011,Salted Peanuts,Snacks,SNK,8,5,4,4,113,136,113,1680.31,124,11,50,120,9,1,0,14.87,0,0,0,1
2025-12-30,1,12,4,2025,19,SKU019,Butter 200g,Dairy,DAR,6,1,1,18,154,162,154,2433.2,277,123,50,120,12,1,4,15.8,0,0,0,0
2025-09-04,36,9,3,2025,36,SKU036,Biscuits,Home Care,HCR,6,5,2,17,172,155,172,658.76,348,176,50,120,14,1,0,3.83,0,0,0,3
2025-03-22,12,3,1,2025,13,SKU013,Nachos,Snacks,SNK,7,1,3,17,92,88,92,1218.08,167,75,50,120,4,1,0,13.24,0,0,0,2
2025-04-02,14,4,2,2025,36,SKU036,Biscuits,Home Care,HCR,2,5,1,7,183,183,183,3279.36,197,14,50,120,10,1,0,17.92,0,0,0,2
2025-12-14,50,12,4,2025,6,SKU006,Lemon Soda 330ml,Beverages,BVG,5,5,1,20,176,153,176,820.16,193,17,50,120,5,1,0,4.66,0,0,0,2
2025-04-28,18,4,2,2025,4,SKU004,Energy Drink 250ml,Beverages,BVG,7,3,4,7,85,94,85,763.64,266,181,50,120,6,4,0,11.23,20,0,0,3
2025-09-18,38,9,3,2025,22,SKU022,Flavored Milk,Dairy,DAR,8,5,2,11,154,132,154,1459.92,267,113,50,120,12,1,0,9.48,0,0,0,1
2025-06-13,24,6,2,2025,7,SKU007,Mango Juice 1L,Beverages,BVG,6,2,2,7,129,157,129,1336.31,293,164,50,120,8,2,0,11.51,10,0,0,4
2025-11-05,45,11,4,2025,38,SKU038,Cooking Oil,Home Care,HCR,5,5,1,20,279,254,269,2649.11,269,0,50,120,9,4,0,12.31,20,1,10,2
2025-08-22,34,8,3,2025,2,SKU002,Orange Juice 1L,Beverages,BVG,4,5,3,9,226,266,226,4246.54,282,56,50,120,13,1,0,18.79,0,0,0,3
2025-08-12,33,8,3,2025,25,SKU025,Toothpaste,Personal Care,PCR,1,2,4,20,178,210,176,654.72,176,0,50,120,7,1,0,3.72,0,1,2,3
2025-03-07,10,3,1,2025,15,SKU015,Pretzels,Snacks,SNK,7,5,2,5,145,165,145,2602.75,335,190,50,120,12,1,0,17.95,0,0,0,4
2025-10-29,44,10,4,2025,6,SKU006,Lemon Soda 330ml,Beverages,BVG,7,4,4,19,134,142,134,292.44,184,50,50,120,4,5,0,2.48,12,0,0,3
2025-04-30,18,4,2,2025,11,SKU011,Salted Peanuts,Snacks,SNK,6,1,4,20,69,84,69,249.09,301,232,50,120,5,1,0,3.61,0,0,0,1
2025-03-06,10,3,1,2025,16,SKU016,Corn Chips,Dairy,DAR,7,4,4,1,231,224,231,2569.37,283,52,50,120,10,6,0,12.09,8,0,0,2
2025-12-30,1,12,4,2025,28,SKU028,Hand Wash,Personal Care,PCR,8,3,4,2,268,236,268,1008.22,328,60,50,120,7,2,4,4.18,10,0,0,0
2025-08-06,32,8,3,2025,28,SKU028,Hand Wash,Personal Care,PCR,5,2,1,15,160,174,160,1144,293,133,50,120,8,1,0,7.15,0,0,0,2
2025-11-01,44,11,4,2025,11,SKU011,Salted Peanuts,Snacks,SNK,7,4,2,3,175,172,175,2511.25,251,76,50,120,3,1,0,14.35,0,0,0,3
2025-06-21,25,6,2,2025,20,SKU020,Cheese Slices,Dairy,DAR,3,2,1,14,163,191,163,1227.88,226,63,50,120,5,2,0,8.37,10,0,0,2
2025-02-16,7,2,1,2025,37,SKU037,Fruit Jam,Home Care,HCR,1,2,3,11,193,181,193,2495.49,272,79,50,120,5,1,0,12.93,0,0,0,2
2025-06-30,27,6,2,2025,16,SKU016,Corn Chips,Dairy,DAR,4,2,1,2,92,100,92,1487.24,322,230,50,120,11,5,0,18.37,12,0,0,0
2025-10-14,42,10,4,2025,13,SKU013,Nachos,Snacks,SNK,1,2,3,13,146,132,146,1300.86,252,106,50,120,7,1,0,8.91,0,0,0,2
2025-04-25,17,4,2,2025,8,SKU008,Sparkling Water 500ml,Snacks,SNK,5,2,1,17,207,204,207,3299.58,297,90,50,120,13,1,0,15.94,0,0,0,3
2025-04-10,15,4,2,2025,34,SKU034,Floor Cleaner,Home Care,HCR,1,3,3,1,99,106,99,586.08,289,190,50,120,6,1,0,5.92,0,0,0,4
2025-08-03,31,8,3,2025,36,SKU036,Biscuits,Home Care,HCR,5,3,3,19,209,202,192,1968,192,0,50,120,7,1,0,10.25,0,1,17,3
2025-04-22,17,4,2,2025,5,SKU005,Iced Tea 500ml,Beverages,BVG,7,5,1,14,227,232,227,3955.25,266,39,50,120,5,2,0,19.36,10,0,0,2
2025-07-18,29,7,3,2025,1,SKU001,Cola 500ml,Beverages,BVG,1,4,2,18,222,231,222,2697.92,343,121,50,120,6,5,0,13.81,12,0,0,0
2025-04-10,15,4,2,2025,3,SKU003,Mineral Water 1.5L,Beverages,BVG,7,5,4,3,199,182,199,676.6,202,3,50,120,7,1,0,3.4,0,0,0,0
2025-03-21,12,3,1,2025,31,SKU031,Surface Cleaner,Personal Care,PCR,4,1,2,2,112,95,112,302.4,128,16,50,120,14,1,0,2.7,0,0,0,2
2025-01-09,2,1,1,2025,12,SKU012,Chocolate Cookies,Snacks,SNK,1,5,1,2,215,248,215,626.08,256,41,50,120,9,4,0,3.64,20,0,0,3
2025-05-07,19,5,2,2025,17,SKU017,Milk 1L,Dairy,DAR,2,5,4,15,142,157,142,1923.39,208,66,50,120,4,2,0,15.05,10,0,0,3
2025-07-06,27,7,3,2025,19,SKU019,Butter 200g,Dairy,DAR,5,3,4,2,168,200,168,3292.8,236,68,50,120,3,1,0,19.6,0,0,0,4
2025-06-21,25,6,2,2025,28,SKU028,Hand Wash,Personal Care,PCR,5,1,4,9,190,167,136,1594.12,136,0,50,120,3,3,0,13.79,15,1,54,1
2025-07-13,28,7,3,2025,9,SKU009,Potato Chips,Snacks,SNK,4,2,1,6,145,167,145,1435.5,151,6,50,120,12,1,0,9.9,0,0,0,0
2025-01-02,1,1,1,2025,5,SKU005,Iced Tea 500ml,Beverages,BVG,1,1,3,12,132,121,132,1846.15,188,56,50,120,13,2,1,15.54,10,0,0,2
2025-11-14,46,11,4,2025,21,SKU021,Cream 250ml,Dairy,DAR,5,4,4,5,126,154,126,1732.5,283,157,50,120,6,1,0,13.75,0,0,0,2
2025-12-14,50,12,4,2025,23,SKU023,Shampoo,Dairy,DAR,8,5,2,10,186,162,186,3126.66,216,30,50,120,9,1,0,16.81,0,0,0,4
2025-04-01,14,4,2,2025,1,SKU001,Cola 500ml,Beverages,BVG,8,1,3,17,104,100,104,419.12,240,136,50,120,13,1,0,4.03,0,0,0,3
2025-12-19,51,12,4,2025,37,SKU037,Fruit Jam,Home Care,HCR,5,1,2,8,118,116,118,728.96,254,136,50,120,3,5,0,7.02,12,0,0,2
2025-05-08,19,5,2,2025,13,SKU013,Nachos,Snacks,SNK,2,1,2,5,80,101,80,1438.4,334,254,50,120,4,1,0,17.98,0,0,0,1
2025-01-13,3,1,1,2025,29,SKU029,Laundry Detergent,Personal Care,PCR,2,3,4,18,255,215,255,2695.35,289,34,50,120,8,1,0,10.57,0,0,0,3
2025-02-24,9,2,1,2025,35,SKU035,Cereal,Home Care,HCR,8,5,2,12,198,191,198,847.44,274,76,50,120,5,1,0,4.28,0,0,0,0
2025-08-31,35,8,3,2025,17,SKU017,Milk 1L,Dairy,DAR,6,5,2,8,227,181,227,3847.65,228,1,50,120,2,1,0,16.95,0,0,0,0
2025-06-08,23,6,2,2025,17,SKU017,Milk 1L,Dairy,DAR,2,4,1,16,112,124,112,963.2,350,238,50,120,13,1,0,8.6,0,0,0,0
2025-06-25,26,6,2,2025,2,SKU002,Orange Juice 1L,Beverages,BVG,2,5,2,17,159,150,159,1426.23,256,97,50,120,14,1,0,8.97,0,0,0,0
2025-12-25,52,12,4,2025,16,SKU016,Corn Chips,Dairy,DAR,6,4,4,15,159,149,159,2462.91,256,97,50,120,2,1,4,15.49,0,0,0,0
2025-05-06,19,5,2,2025,20,SKU020,Cheese Slices,Dairy,DAR,5,1,4,2,213,184,213,2028.19,251,38,50,120,6,2,0,10.58,10,0,0,2
2025-07-26,30,7,3,2025,29,SKU029,Laundry Detergent,Personal Care,PCR,6,1,1,9,77,97,77,1361.36,158,81,50,120,8,1,0,17.68,0,0,0,0
2025-07-20,29,7,3,2025,38,SKU038,Cooking Oil,Home Care,HCR,1,3,2,1,88,94,88,247.1,184,96,50,120,14,4,0,3.51,20,0,0,2
2025-03-02,9,3,1,2025,15,SKU015,Pretzels,Snacks,SNK,3,1,4,16,154,162,154,1929.62,256,102,50,120,10,1,0,12.53,0,0,0,2
2025-07-31,31,7,3,2025,21,SKU021,Cream 250ml,Dairy,DAR,3,2,2,1,196,188,196,2716.56,288,92,50,120,8,1,0,13.86,0,0,0,2
2025-11-10,46,11,4,2025,6,SKU006,Lemon Soda 330ml,Beverages,BVG,6,1,3,2,131,117,131,1509.12,269,138,50,120,4,1,0,11.52,0,0,0,2
2025-04-10,15,4,2,2025,16,SKU016,Corn Chips,Dairy,DAR,5,4,2,16,128,107,128,948.48,274,146,50,120,13,1,0,7.41,0,0,0,2
2025-07-28,31,7,3,2025,27,SKU027,Body Lotion,Personal Care,PCR,5,2,4,3,225,207,225,1298.59,234,9,50,120,8,3,0,6.79,15,0,0,2
2025-06-28,26,6,2,2025,30,SKU030,Dishwashing Liquid,Personal Care,PCR,7,4,4,8,160,175,160,1512.19,269,109,50,120,9,5,0,10.74,12,0,0,2
2025-11-02,44,11,4,2025,31,SKU031,Surface Cleaner,Personal Care,PCR,3,1,2,5,99,98,99,1727.55,249,150,50,120,5,1,0,17.45,0,0,0,1
2025-09-19,38,9,3,2025,4,SKU004,Energy Drink 250ml,Beverages,BVG,5,4,2,3,176,156,151,452.55,151,0,50,120,14,2,0,3.33,10,1,25,2
2025-04-29,18,4,2,2025,31,SKU031,Surface Cleaner,Personal Care,PCR,7,3,1,16,124,144,124,2165.24,262,138,50,120,12,6,0,18.98,8,0,0,2
2025-03-18,12,3,1,2025,20,SKU020,Cheese Slices,Dairy,DAR,5,4,1,1,131,114,122,765.18,122,0,50,120,12,4,0,7.84,20,1,9,3
2025-08-23,34,8,3,2025,34,SKU034,Floor Cleaner,Home Care,HCR,8,3,3,10,114,139,114,285,222,108,50,120,4,1,0,2.5,0,0,0,3
2025-05-21,21,5,2,2025,11,SKU011,Salted Peanuts,Snacks,SNK,5,4,1,6,92,89,92,1516.16,269,177,50,120,5,1,0,16.48,0,0,0,2
2025-04-18,16,4,2,2025,11,SKU011,Salted Peanuts,Snacks,SNK,5,1,2,13,190,175,190,2888,190,0,50,120,7,1,0,15.2,0,0,0,3
2025-04-10,15,4,2,2025,13,SKU013,Nachos,Snacks,SNK,8,2,4,17,81,87,81,564.57,213,132,50,120,9,1,0,6.97,0,0,0,3
2025-11-12,46,11,4,2025,19,SKU019,Butter 200g,Dairy,DAR,4,1,3,12,205,224,205,3302.55,273,68,50,120,14,1,0,16.11,0,0,0,4
2025-10-17,42,10,4,2025,28,SKU028,Hand Wash,Personal Care,PCR,4,3,3,8,109,114,109,1728.3,217,108,50,120,6,4,0,19.82,20,0,0,1
2025-10-21,43,10,4,2025,13,SKU013,Nachos,Snacks,SNK,2,1,1,18,75,75,75,216,337,262,50,120,6,1,0,2.88,0,0,0,4
2025-09-03,36,9,3,2025,7,SKU007,Mango Juice 1L,Beverages,BVG,8,5,1,15,193,199,193,3337.36,305,112,50,120,7,5,0,19.65,12,0,0,3
2025-02-11,7,2,1,2025,36,SKU036,Biscuits,Home Care,HCR,5,4,2,14,158,138,158,1693.76,309,151,50,120,5,1,0,10.72,0,0,0,2
2025-09-18,38,9,3,2025,31,SKU031,Surface Cleaner,Personal Care,PCR,3,1,4,3,216,197,216,3215.29,343,127,50,120,7,6,0,16.18,8,0,0,2
2025-09-29,40,9,3,2025,4,SKU004,Energy Drink 250ml,Beverages,BVG,5,5,1,16,179,162,179,3529.88,247,68,50,120,13,1,0,19.72,0,0,0,1
2025-05-24,21,5,2,2025,9,SKU009,Potato Chips,Snacks,SNK,6,2,2,20,112,98,112,1002.4,329,217,50,120,13,1,0,8.95,0,0,0,1
2025-09-08,37,9,3,2025,22,SKU022,Flavored Milk,Dairy,DAR,7,2,4,2,86,87,86,1488.66,237,151,50,120,11,1,0,17.31,0,0,0,4
2025-09-26,39,9,3,2025,24,SKU024,Soap,Personal Care,PCR,5,2,3,2,126,131,126,2016,281,155,50,120,9,1,0,16,0,0,0,0
2025-03-03,10,3,1,2025,21,SKU021,Cream 250ml,Dairy,DAR,7,3,3,19,185,171,185,603.1,205,20,50,120,12,1,0,3.26,0,0,0,4
2025-12-29,1,12,4,2025,24,SKU024,Soap,Personal Care,PCR,6,1,3,7,233,241,181,527.71,181,0,50,120,9,3,4,3.43,15,1,52,4
2025-01-06,2,1,1,2025,34,SKU034,Floor Cleaner,Home Care,HCR,1,1,1,9,87,97,87,1425.06,275,188,50,120,8,1,0,16.38,0,0,0,3
2025-07-10,28,7,3,2025,8,SKU008,Sparkling Water 500ml,Snacks,SNK,7,4,1,14,140,126,140,2595.6,329,189,50,120,9,1,0,18.54,0,0,0,0
2025-03-04,10,3,1,2025,15,SKU015,Pretzels,Snacks,SNK,8,1,3,20,177,176,177,1546.98,260,83,50,120,11,1,0,8.74,0,0,0,1
2025-04-16,16,4,2,2025,10,SKU010,Cheese Crackers,Snacks,SNK,4,2,3,7,199,181,199,3527.95,252,53,50,120,11,6,0,19.27,8,0,0,0
2025-07-10,28,7,3,2025,14,SKU014,Popcorn,Snacks,SNK,5,2,2,17,137,128,137,686.1,185,48,50,120,14,4,0,6.26,20,0,0,2
2025-07-05,27,7,3,2025,24,SKU024,Soap,Personal Care,PCR,7,3,4,14,198,176,198,3049.2,267,69,50,120,2,1,0,15.4,0,0,0,2
2025-12-10,50,12,4,2025,11,SKU011,Salted Peanuts,Snacks,SNK,4,3,2,17,164,152,150,678.96,150,0,50,120,6,6,0,4.92,8,1,14,4
2025-10-05,40,10,4,2025,20,SKU020,Cheese Slices,Dairy,DAR,6,1,1,15,179,199,179,2940.97,339,160,50,120,14,1,0,16.43,0,0,0,0
2025-08-07,32,8,3,2025,37,SKU037,Fruit Jam,Home Care,HCR,4,4,2,7,147,145,147,1034.59,199,52,50,120,10,3,0,8.28,15,0,0,1
2025-08-21,34,8,3,2025,15,SKU015,Pretzels,Snacks,SNK,3,4,4,5,177,158,177,2054.97,178,1,50,120,12,2,0,12.9,10,0,0,0
2025-09-24,39,9,3,2025,33,SKU033,Fabric Softener,Home Care,HCR,7,5,2,8,123,158,123,1800.72,126,3,50,120,6,1,0,14.64,0,0,0,2
2025-12-28,52,12,4,2025,29,SKU029,Laundry Detergent,Personal Care,PCR,3,5,3,15,121,128,121,1920.27,174,53,50,120,2,1,4,15.87,0,0,0,0
2025-07-15,29,7,3,2025,37,SKU037,Fruit Jam,Home Care,HCR,8,2,3,2,232,233,153,2066.88,153,0,50,120,12,2,0,15.01,10,1,79,1
2025-02-23,8,2,1,2025,19,SKU019,Butter 200g,Dairy,DAR,2,5,1,20,188,217,152,834.48,152,0,50,120,11,1,0,5.49,0,1,36,3
2025-12-26,52,12,4,2025,39,SKU039,Rice,Home Care,HCR,4,3,4,6,175,211,175,1814.75,233,58,50,120,9,1,4,10.37,0,0,0,0
2025-12-08,50,12,4,2025,20,SKU020,Cheese Slices,Dairy,DAR,7,5,3,6,183,173,183,2144.76,343,160,50,120,12,1,0,11.72,0,0,0,3
2025-04-16,16,4,2,2025,5,SKU005,Iced Tea 500ml,Beverages,BVG,8,2,3,19,246,211,246,4014.92,314,68,50,120,13,6,0,17.74,8,0,0,1
2025-10-09,41,10,4,2025,31,SKU031,Surface Cleaner,Personal Care,PCR,7,4,3,7,182,211,182,3356.08,214,32,50,120,9,1,0,18.44,0,0,0,2
2025-03-07,10,3,1,2025,20,SKU020,Cheese Slices,Dairy,DAR,4,1,2,17,91,97,91,1618.34,162,71,50,120,14,2,0,19.76,10,0,0,0
2025-07-07,28,7,3,2025,35,SKU035,Cereal,Home Care,HCR,5,3,2,2,264,244,201,674.76,201,0,50,120,14,2,0,3.73,10,1,63,3
2025-03-20,12,3,1,2025,30,SKU030,Dishwashing Liquid,Personal Care,PCR,5,1,4,5,248,232,216,1043.28,216,0,50,120,9,6,0,5.25,8,1,32,3
2025-11-07,45,11,4,2025,18,SKU018,Yogurt Cup,Dairy,DAR,2,5,1,2,128,110,128,1968.64,287,159,50,120,12,1,0,15.38,0,0,0,2
2025-01-01,1,1,1,2025,9,SKU009,Potato Chips,Snacks,SNK,4,4,2,2,131,118,131,2333.11,344,213,50,120,5,1,1,17.81,0,0,0,4
2025-01-10,2,1,1,2025,7,SKU007,Mango Juice 1L,Beverages,BVG,4,1,2,7,191,166,174,2632.13,174,0,50,120,6,5,0,17.19,12,1,17,3
2025-05-05,19,5,2,2025,27,SKU027,Body Lotion,Personal Care,PCR,3,1,2,14,113,132,113,1976.37,342,229,50,120,9,1,0,17.49,0,0,0,1
2025-06-11,24,6,2,2025,23,SKU023,Shampoo,Dairy,DAR,3,2,4,12,117,140,117,1471.04,286,169,50,120,7,2,0,13.97,10,0,0,0
2025-11-23,47,11,4,2025,25,SKU025,Toothpaste,Personal Care,PCR,1,2,2,3,128,110,128,763.08,270,142,50,120,9,6,0,6.48,8,0,0,3
2025-03-21,12,3,1,2025,17,SKU017,Milk 1L,Dairy,DAR,3,5,3,4,114,105,114,265.62,200,86,50,120,14,1,0,2.33,0,0,0,3
2025-12-27,52,12,4,2025,39,SKU039,Rice,Home Care,HCR,4,5,3,13,193,196,193,1130.98,326,133,50,120,6,1,4,5.86,0,0,0,2
2025-09-28,39,9,3,2025,8,SKU008,Sparkling Water 500ml,Snacks,SNK,2,1,3,19,140,136,140,2111.03,303,163,50,120,10,6,0,16.39,8,0,0,1
2025-05-16,20,5,2,2025,7,SKU007,Mango Juice 1L,Beverages,BVG,1,4,3,12,358,326,168,907.2,168,0,50,120,10,4,0,6.75,20,1,190,4
2025-11-02,44,11,4,2025,40,SKU040,Tea Pack,Home Care,HCR,8,4,3,16,85,85,85,839.8,321,236,50,120,6,1,0,9.88,0,0,0,4
2025-03-02,9,3,1,2025,24,SKU024,Soap,Personal Care,PCR,3,1,3,5,190,205,190,3230,347,157,50,120,12,1,0,17,0,0,0,2
2025-08-11,33,8,3,2025,20,SKU020,Cheese Slices,Dairy,DAR,8,5,1,10,179,175,179,1628.9,239,60,50,120,8,1,0,9.1,0,0,0,3
2025-12-07,49,12,4,2025,34,SKU034,Floor Cleaner,Home Care,HCR,6,2,2,6,176,161,176,2766.72,286,110,50,120,2,4,0,19.65,20,0,0,2
2025-06-17,25,6,2,2025,26,SKU026,Face Wash,Personal Care,PCR,7,5,2,9,198,191,198,1336.5,275,77,50,120,6,1,0,6.75,0,0,0,1
2025-11-26,48,11,4,2025,13,SKU013,Nachos,Snacks,SNK,2,2,4,6,221,216,128,1756.03,128,0,50,120,2,3,0,16.14,15,1,93,2
2025-10-09,41,10,4,2025,32,SKU032,Toilet Cleaner,Home Care,HCR,6,3,4,14,131,129,131,1552.35,263,132,50,120,12,1,0,11.85,0,0,0,1
2025-06-07,23,6,2,2025,28,SKU028,Hand Wash,Personal Care,PCR,8,5,2,2,201,193,201,2545.66,327,126,50,120,12,3,0,14.9,15,0,0,2
2025-12-17,51,12,4,2025,33,SKU033,Fabric Softener,Home Care,HCR,2,5,1,16,179,171,179,2753.74,242,63,50,120,2,4,0,19.23,20,0,0,2
2025-01-11,2,1,1,2025,14,SKU014,Popcorn,Snacks,SNK,2,3,1,17,200,206,128,1823.62,128,0,50,120,8,2,0,15.83,10,1,72,2
2025-10-08,41,10,4,2025,37,SKU037,Fruit Jam,Home Care,HCR,1,4,3,3,137,120,124,693.16,124,0,50,120,7,1,0,5.59,0,1,13,0
2025-08-19,34,8,3,2025,2,SKU002,Orange Juice 1L,Beverages,BVG,6,4,3,4,148,124,148,2184.48,247,99,50,120,9,1,0,14.76,0,0,0,3
2025-07-08,28,7,3,2025,17,SKU017,Milk 1L,Dairy,DAR,7,5,3,16,179,190,179,1824.01,265,86,50,120,2,1,0,10.19,0,0,0,0
2025-01-26,4,1,1,2025,3,SKU003,Mineral Water 1.5L,Beverages,BVG,6,3,1,2,123,120,123,1793.34,185,62,50,120,9,1,0,14.58,0,0,0,4
2025-03-01,9,3,1,2025,39,SKU039,Rice,Home Care,HCR,5,5,4,2,102,121,102,680.34,235,133,50,120,3,1,0,6.67,0,0,0,3
2025-09-16,38,9,3,2025,40,SKU040,Tea Pack,Home Care,HCR,6,2,4,11,121,125,121,719.83,188,67,50,120,8,2,0,6.61,10,0,0,3
2025-05-17,20,5,2,2025,15,SKU015,Pretzels,Snacks,SNK,4,3,2,9,192,170,192,403.2,315,123,50,120,6,1,0,2.1,0,0,0,1
2025-08-04,32,8,3,2025,18,SKU018,Yogurt Cup,Dairy,DAR,1,1,1,16,232,213,232,3638.13,283,51,50,120,9,5,0,17.82,12,0,0,4
2025-05-06,19,5,2,2025,10,SKU010,Cheese Crackers,Snacks,SNK,5,5,4,7,162,186,162,1203.66,189,27,50,120,2,1,0,7.43,0,0,0,2
2025-11-19,47,11,4,2025,19,SKU019,Butter 200g,Dairy,DAR,1,1,1,16,119,144,119,638.32,189,70,50,120,2,2,0,5.96,10,0,0,4
2025-11-07,45,11,4,2025,40,SKU040,Tea Pack,Home Care,HCR,3,4,2,18,207,176,207,3432.06,225,18,50,120,9,1,0,16.58,0,0,0,1
2025-10-07,41,10,4,2025,33,SKU033,Fabric Softener,Home Care,HCR,5,2,4,9,153,162,153,2053.26,319,166,50,120,14,1,0,13.42,0,0,0,1
2025-05-16,20,5,2,2025,36,SKU036,Biscuits,Home Care,HCR,4,3,1,3,161,145,161,2363.48,168,7,50,120,9,1,0,14.68,0,0,0,1
2025-06-17,25,6,2,2025,2,SKU002,Orange Juice 1L,Beverages,BVG,3,1,4,13,177,195,177,2659.18,323,146,50,120,5,6,0,16.33,8,0,0,4
2025-11-09,45,11,4,2025,33,SKU033,Fabric Softener,Home Care,HCR,6,3,3,20,130,138,130,2394.6,166,36,50,120,12,1,0,18.42,0,0,0,2
2025-06-06,23,6,2,2025,4,SKU004,Energy Drink 250ml,Beverages,BVG,7,4,2,3,134,115,134,1460.6,190,56,50,120,5,1,0,10.9,0,0,0,1
2025-12-04,49,12,4,2025,23,SKU023,Shampoo,Dairy,DAR,4,1,2,12,118,95,118,2041.4,133,15,50,120,3,1,0,17.3,0,0,0,0
2025-12-18,51,12,4,2025,29,SKU029,Laundry Detergent,Personal Care,PCR,3,3,1,1,89,99,89,1230.87,222,133,50,120,13,1,0,13.83,0,0,0,2
2025-01-30,5,1,1,2025,33,SKU033,Fabric Softener,Home Care,HCR,5,5,1,13,221,210,221,3600.09,299,78,50,120,2,1,0,16.29,0,0,0,1
2025-05-12,20,5,2,2025,20,SKU020,Cheese Slices,Dairy,DAR,6,4,1,11,259,216,259,754.42,295,36,50,120,6,5,0,3.31,12,0,0,2
2025-05-20,21,5,2,2025,21,SKU021,Cream 250ml,Dairy,DAR,6,5,2,11,125,115,125,1408.75,145,20,50,120,12,1,0,11.27,0,0,0,4
2025-12-14,50,12,4,2025,5,SKU005,Iced Tea 500ml,Beverages,BVG,8,1,3,19,116,139,116,1342.93,124,8,50,120,10,3,0,13.62,15,0,0,2
2025-10-16,42,10,4,2025,29,SKU029,Laundry Detergent,Personal Care,PCR,4,3,2,5,94,89,94,991.7,298,204,50,120,4,1,0,10.55,0,0,0,1
2025-10-16,42,10,4,2025,17,SKU017,Milk 1L,Dairy,DAR,3,2,4,11,143,117,143,1378.52,271,128,50,120,12,1,0,9.64,0,0,0,1
2025-09-01,36,9,3,2025,21,SKU021,Cream 250ml,Dairy,DAR,2,4,4,19,195,209,195,2209.55,233,38,50,120,5,2,0,12.59,10,0,0,1
2025-01-03,1,1,1,2025,16,SKU016,Corn Chips,Dairy,DAR,4,4,3,11,281,237,281,3740.39,290,9,50,120,11,2,1,14.79,10,0,0,3
2025-11-22,47,11,4,2025,30,SKU030,Dishwashing Liquid,Personal Care,PCR,5,1,1,1,130,147,130,1796.39,215,85,50,120,10,6,0,15.02,8,0,0,3
2025-07-31,31,7,3,2025,7,SKU007,Mango Juice 1L,Beverages,BVG,5,5,1,16,207,261,124,1786.84,124,0,50,120,12,1,0,14.41,0,1,83,1
2025-08-27,35,8,3,2025,38,SKU038,Cooking Oil,Home Care,HCR,5,1,3,5,138,165,138,669.3,350,212,50,120,4,1,0,4.85,0,0,0,0
2025-03-26,13,3,1,2025,19,SKU019,Butter 200g,Dairy,DAR,1,5,3,5,183,207,183,3588.63,330,147,50,120,13,1,0,19.61,0,0,0,1
2025-09-05,36,9,3,2025,26,SKU026,Face Wash,Personal Care,PCR,4,5,1,19,138,178,138,1047.01,254,116,50,120,6,2,0,8.43,10,0,0,3
2025-09-10,37,9,3,2025,40,SKU040,Tea Pack,Home Care,HCR,6,5,3,20,190,191,190,1449.7,289,99,50,120,11,1,0,7.63,0,0,0,4
2025-11-24,48,11,4,2025,13,SKU013,Nachos,Snacks,SNK,5,3,3,8,75,89,75,925.5,160,85,50,120,8,1,0,12.34,0,0,0,1
2025-05-08,19,5,2,2025,29,SKU029,Laundry Detergent,Personal Care,PCR,1,1,2,13,99,92,99,1463.02,125,26,50,120,2,2,0,16.42,10,0,0,0
2025-10-07,41,10,4,2025,1,SKU001,Cola 500ml,Beverages,BVG,4,4,3,10,179,213,148,2113.44,148,0,50,120,9,1,0,14.28,0,1,31,0
2025-04-24,17,4,2,2025,22,SKU022,Flavored Milk,Dairy,DAR,4,2,4,12,219,191,219,3044.1,292,73,50,120,8,1,0,13.9,0,0,0,4
2025-05-21,21,5,2,2025,28,SKU028,Hand Wash,Personal Care,PCR,7,1,2,18,279,242,136,713.59,136,0,50,120,2,2,0,5.83,10,1,143,0
2025-12-10,50,12,4,2025,26,SKU026,Face Wash,Personal Care,PCR,8,5,1,11,129,160,129,2529.69,321,192,50,120,3,1,0,19.61,0,0,0,2
2025-10-07,41,10,4,2025,7,SKU007,Mango Juice 1L,Beverages,BVG,2,2,2,19,105,135,105,483,336,231,50,120,9,1,0,4.6,0,0,0,0
2025-02-01,5,2,1,2025,9,SKU009,Potato Chips,Snacks,SNK,8,5,2,12,181,164,181,2615.45,264,83,50,120,9,1,0,14.45,0,0,0,4
2025-03-10,11,3,1,2025,15,SKU015,Pretzels,Snacks,SNK,6,2,2,20,144,121,144,2226.24,167,23,50,120,14,1,0,15.46,0,0,0,0
2025-01-14,3,1,1,2025,35,SKU035,Cereal,Home Care,HCR,5,3,2,13,88,97,88,931.04,141,53,50,120,11,1,0,10.58,0,0,0,4
2025-09-13,37,9,3,2025,10,SKU010,Cheese Crackers,Snacks,SNK,1,1,4,19,200,224,200,2530,321,121,50,120,9,1,0,12.65,0,0,0,1
2025-01-26,4,1,1,2025,25,SKU025,Toothpaste,Personal Care,PCR,4,1,3,14,81,74,81,1165.59,226,145,50,120,10,1,0,14.39,0,0,0,1
2025-10-21,43,10,4,2025,30,SKU030,Dishwashing Liquid,Personal Care,PCR,7,3,4,5,217,193,217,3932.04,285,68,50,120,4,1,0,18.12,0,0,0,0
2025-02-25,9,2,1,2025,14,SKU014,Popcorn,Snacks,SNK,3,5,4,9,116,107,116,1469.72,148,32,50,120,10,1,0,12.67,0,0,0,2
2025-07-16,29,7,3,2025,11,SKU011,Salted Peanuts,Snacks,SNK,1,5,3,5,241,227,204,1003.99,204,0,50,120,14,3,0,5.79,15,1,37,0
2025-03-11,11,3,1,2025,29,SKU029,Laundry Detergent,Personal Care,PCR,4,5,3,19,122,116,122,1234.15,312,190,50,120,9,2,0,11.24,10,0,0,1
2025-01-09,2,1,1,2025,40,SKU040,Tea Pack,Home Care,HCR,7,3,3,16,235,244,235,2504.16,312,77,50,120,12,2,0,11.84,10,0,0,1
2025-08-15,33,8,3,2025,20,SKU020,Cheese Slices,Dairy,DAR,3,2,2,16,175,147,175,3262,233,58,50,120,2,1,0,18.64,0,0,0,1
2025-05-18,20,5,2,2025,8,SKU008,Sparkling Water 500ml,Snacks,SNK,2,2,3,20,190,159,190,2954.5,215,25,50,120,5,1,0,15.55,0,0,0,3
2025-01-04,1,1,1,2025,32,SKU032,Toilet Cleaner,Home Care,HCR,1,4,1,16,94,108,94,633.56,195,101,50,120,2,1,1,6.74,0,0,0,2
2025-07-28,31,7,3,2025,16,SKU016,Corn Chips,Dairy,DAR,3,4,1,1,133,106,133,1119.86,204,71,50,120,7,1,0,8.42,0,0,0,0
2025-11-02,44,11,4,2025,10,SKU010,Cheese Crackers,Snacks,SNK,4,4,2,16,192,168,192,2327.04,276,84,50,120,9,1,0,12.12,0,0,0,0
2025-09-11,37,9,3,2025,9,SKU009,Potato Chips,Snacks,SNK,2,5,2,19,124,140,124,2172.48,127,3,50,120,9,1,0,17.52,0,0,0,0
2025-10-12,41,10,4,2025,23,SKU023,Shampoo,Dairy,DAR,6,1,4,19,173,199,173,1505.1,232,59,50,120,13,1,0,8.7,0,0,0,2
2025-06-23,26,6,2,2025,39,SKU039,Rice,Home Care,HCR,4,4,3,7,151,167,151,2489.99,345,194,50,120,9,1,0,16.49,0,0,0,1
2025-11-27,48,11,4,2025,34,SKU034,Floor Cleaner,Home Care,HCR,7,4,2,3,178,177,178,2776.8,288,110,50,120,12,1,0,15.6,0,0,0,0
2025-06-28,26,6,2,2025,40,SKU040,Tea Pack,Home Care,HCR,8,4,4,11,278,228,184,2349.46,184,0,50,120,3,5,0,14.51,12,1,94,1
2025-06-23,26,6,2,2025,27,SKU027,Body Lotion,Personal Care,PCR,8,1,4,19,149,182,132,528,132,0,50,120,10,1,0,4,0,1,17,2
